Date,Open,High,Low,Close,Shares Traded,Turnover (? Cr)
1-Jan-19,10881.7,10923.6,10807.1,10910.1,1.59E+08,8688.26
2-Jan-19,10868.85,10895.35,10735.05,10792.5,3.10E+08,15352.25
3-Jan-19,10796.8,10814.05,10661.25,10672.25,2.86E+08,15030.45
4-Jan-19,10699.7,10741.05,10628.65,10727.35,2.97E+08,14516.74
7-Jan-19,10804.85,10835.95,10750.15,10771.8,2.69E+08,12731.29
8-Jan-19,10786.25,10818.45,10733.25,10802.15,2.78E+08,13433.48
9-Jan-19,10862.4,10870.4,10749.4,10855.15,3.33E+08,16213.3
10-Jan-19,10859.35,10859.35,10801.8,10821.6,2.54E+08,12031.26
11-Jan-19,10834.75,10850.15,10739.4,10794.95,2.61E+08,13084.6
14-Jan-19,10807,10808,10692.35,10737.6,2.99E+08,12732.57
15-Jan-19,10777.55,10896.95,10777.55,10886.8,3.11E+08,14879.91
16-Jan-19,10899.65,10928.15,10876.9,10890.3,2.77E+08,13081.63
17-Jan-19,10920.85,10930.65,10844.65,10905.2,2.72E+08,13215.83
18-Jan-19,10914.85,10928.2,10852.2,10906.95,3.24E+08,16408.83
21-Jan-19,10919.35,10987.45,10885.75,10961.85,2.89E+08,17289.7
22-Jan-19,10949.8,10949.8,10864.15,10922.75,3.01E+08,17483.62
23-Jan-19,10931.05,10944.8,10811.95,10831.5,2.99E+08,14736.91
24-Jan-19,10844.05,10866.6,10798.65,10849.8,3.61E+08,15298.48
25-Jan-19,10859.75,10931.7,10756.45,10780.55,4.63E+08,20542.36
28-Jan-19,10792.45,10804.45,10630.95,10661.55,4.20E+08,21144.33
29-Jan-19,10653.7,10690.35,10583.65,10652.2,3.57E+08,18832.06
30-Jan-19,10702.25,10710.2,10612.85,10651.8,4.10E+08,21214.81
31-Jan-19,10690.55,10838.05,10678.55,10830.95,6.05E+08,27471.18
########,10851.35,10983.45,10813.45,10893.65,4.82E+08,23112.37
########,10876.75,10927.9,10814.15,10912.25,3.18E+08,15478.81
########,10908.65,10956.7,10886.7,10934.35,2.68E+08,13435.13
########,10965.1,11072.6,10962.7,11062.45,2.99E+08,15172.85
########,11070.45,11118.1,11043.6,11069.4,2.64E+08,13542.69
########,11023.5,11041.2,10925.45,10943.6,3.53E+08,15507.05
########,10930.9,10930.9,10857.1,10888.8,2.86E+08,13818.92
########,10879.7,10910.9,10823.8,10831.4,2.92E+08,14424.78
########,10870.55,10891.65,10772.1,10793.65,3.22E+08,15360.98
########,10786.1,10792.7,10718.75,10746.05,6.27E+08,20797.41
########,10780.25,10785.75,10620.4,10724.4,5.22E+08,20733.95
########,10738.65,10759.9,10628.4,10640.95,3.45E+08,14903.19
########,10636.7,10722.85,10585.65,10604.35,2.92E+08,13765.01
########,10655.45,10752.7,10646.4,10735.45,2.89E+08,13209.71
########,10744.1,10808.85,10721.5,10789.85,2.80E+08,14758.5
########,10782.7,10801.55,10758.4,10791.65,3.97E+08,24386.42
########,10813.25,10887.1,10788.05,10880.1,3.86E+08,16466.09
########,10775.3,10888.75,10729.3,10835.3,4.15E+08,19186.75
########,10881.2,10939.7,10751.2,10806.65,3.81E+08,18313.85
########,10865.7,10865.7,10784.85,10792.5,6.44E+08,27123.34
########,10842.65,10877.9,10823.1,10863.5,3.09E+08,15010.06
########,10864.85,10994.9,10817,10987.45,3.73E+08,17960.03
########,11024.85,11062.3,10998.85,11053,3.73E+08,17850.93
########,11077.95,11089.05,11027.1,11058.2,3.21E+08,15321.68
########,11038.85,11049,11008.95,11035.4,3.27E+08,14369.77
########,11068.75,11180.9,11059.85,11168.05,3.52E+08,17349.95
########,11231.35,11320.4,11227,11301.2,3.91E+08,20861.35
########,11326.2,11352.3,11276.6,11341.7,3.83E+08,20851.67
########,11382.5,11383.45,11313.75,11343.25,2.94E+08,15661.05
########,11376.85,11487,11370.8,11426.85,4.64E+08,25143.26
########,11473.85,11530.15,11412.5,11462.2,3.20E+08,16942.22
########,11500.3,11543.85,11451.25,11532.4,3.26E+08,16179.92
########,11553.35,11556.1,11503.1,11521.05,3.66E+08,18311.44
########,11549.2,11572.8,11434.55,11456.9,3.86E+08,19755.74
########,11395.65,11395.65,11311.6,11354.25,2.94E+08,14101.14
########,11375.2,11496.75,11352.45,11483.25,2.83E+08,14611.68
########,11531.45,11546.2,11413,11445.05,3.50E+08,18356.52
########,11463.65,11588.5,11452.45,11570,5.28E+08,25719.65
########,11625.45,11630.35,11570.15,11623.9,4.16E+08,20515.25
1-Apr-19,11665.2,11738.1,11644.75,11669.15,3.80E+08,18977.99
2-Apr-19,11711.55,11729.35,11655.85,11713.2,3.86E+08,18673.7
3-Apr-19,11735.3,11761,11629.15,11643.95,3.66E+08,19050.95
4-Apr-19,11660.2,11662.55,11559.2,11598,3.49E+08,19713.01
5-Apr-19,11638.4,11689.65,11609.5,11665.95,2.67E+08,15000.35
8-Apr-19,11704.35,11710.3,11549.1,11604.5,2.61E+08,14203.96
9-Apr-19,11612.05,11683.9,11569.7,11671.95,3.00E+08,15984.39
10-Apr-19,11646.85,11680.05,11571.75,11584.3,3.60E+08,22258.46
11-Apr-19,11592.55,11606.7,11550.55,11596.7,2.80E+08,14332.2
12-Apr-19,11612.85,11657.35,11578.8,11643.45,2.46E+08,13598.61
15-Apr-19,11667,11704.6,11648.25,11690.35,2.90E+08,15635.79
16-Apr-19,11736.2,11810.95,11731.55,11787.15,3.54E+08,17585.48
18-Apr-19,11856.15,11856.15,11738.5,11752.8,3.40E+08,18271.27
22-Apr-19,11727.05,11727.05,11583.95,11594.45,2.60E+08,13754.12
23-Apr-19,11612.95,11645.95,11564.8,11575.95,2.73E+08,14500.53
24-Apr-19,11601.5,11740.85,11578.85,11726.15,3.35E+08,17046.66
25-Apr-19,11735.7,11796.75,11624.3,11641.8,6.04E+08,28254.3
26-Apr-19,11683.75,11762.9,11661.75,11754.65,3.33E+08,18098.83
30-Apr-19,11748.75,11756.25,11655.9,11748.15,5.33E+08,23324.98
########,11725.55,11789.3,11699.55,11724.75,3.80E+08,17790.06
########,11722.6,11770.9,11699.35,11712.25,3.06E+08,15156.32
########,11605.8,11632.55,11571.35,11598.25,2.99E+08,14703.42
########,11651.5,11657.05,11484.45,11497.9,3.37E+08,16632.84
########,11478.7,11479.1,11346.95,11359.45,3.73E+08,17440.01
########,11322.4,11357.6,11255.05,11301.8,3.73E+08,17602.86
########,11314.15,11345.8,11251.05,11278.9,3.87E+08,18085.19
########,11258.7,11300.2,11125.6,11148.2,3.58E+08,16722.91
########,11151.65,11294.75,11108.3,11222.05,3.98E+08,19906.38
########,11271.7,11286.8,11136.95,11157,4.14E+08,17931.75
########,11180.35,11281.55,11143.35,11257.1,3.51E+08,15629.57
########,11261.9,11426.15,11259.85,11407.15,4.12E+08,20177.63
########,11651.9,11845.2,11591.7,11828.25,4.52E+08,25223.78
########,11863.65,11883.55,11682.8,11709.1,3.81E+08,20324.67
########,11727.95,11784.8,11682.4,11737.9,3.56E+08,19582.41
########,11901.3,12041.15,11614.5,11657.05,5.69E+08,31180.08
########,11748,11859,11658.1,11844.1,3.75E+08,20028.49
########,11855.5,11957.15,11812.4,11924.75,3.48E+08,17735.36
########,11958.35,11958.55,11864.9,11928.75,5.98E+08,28833.54
########,11905.8,11931.9,11836.8,11861.1,3.18E+08,15985.92
########,11865.3,11968.55,11859.4,11945.9,4.21E+08,20261.85
########,11999.8,12039.25,11829.45,11922.8,4.39E+08,22789
3-Jun-19,11953.75,12103.05,11920.1,12088.55,3.15E+08,17451.36
4-Jun-19,12052.65,12095.2,12005.85,12021.65,2.89E+08,15308.28
6-Jun-19,12039.8,12039.8,11830.25,11843.75,4.15E+08,21144.77
7-Jun-19,11865.2,11897.5,11769.5,11870.65,3.02E+08,14939.4
10-Jun-19,11934.9,11975.05,11871.75,11922.7,3.03E+08,13125.41
11-Jun-19,11959.85,12000.35,11904.35,11965.6,3.32E+08,15392.28
12-Jun-19,11962.45,11962.45,11866.35,11906.2,2.84E+08,14120.17
13-Jun-19,11873.9,11931.35,11817.05,11914.05,4.48E+08,18680.91
14-Jun-19,11910.1,11911.85,11797.7,11823.3,3.90E+08,16226.57
17-Jun-19,11844,11844.05,11657.75,11672.15,2.96E+08,13851.67
18-Jun-19,11677.05,11727.2,11641.15,11691.5,3.66E+08,16120.69
19-Jun-19,11744.45,11802.5,11625.1,11691.45,4.47E+08,18722.71
20-Jun-19,11653.65,11843.5,11635.05,11831.75,4.42E+08,18839.11
21-Jun-19,11827.6,11827.95,11705.1,11724.1,4.68E+08,23346.13
24-Jun-19,11725.8,11754,11670.2,11699.65,2.78E+08,12631.38
25-Jun-19,11681,11814.4,11651,11796.45,3.00E+08,13822.83
26-Jun-19,11768.15,11871.85,11757.55,11847.55,3.28E+08,14650.89
27-Jun-19,11860.85,11911.15,11821.05,11841.55,4.80E+08,23300.3
28-Jun-19,11861.15,11871.7,11775.5,11788.85,3.04E+08,15191.9
1-Jul-19,11839.9,11884.65,11830.8,11865.6,2.78E+08,12874.96
2-Jul-19,11890.3,11917.45,11814.7,11910.3,3.63E+08,13615.94
3-Jul-19,11932.15,11945.2,11887.05,11916.75,3.41E+08,14290.33
4-Jul-19,11928.8,11969.25,11923.65,11946.75,3.34E+08,14758.87
5-Jul-19,11964.75,11981.75,11797.9,11811.15,5.31E+08,18871.99
8-Jul-19,11770.4,11771.9,11523.3,11558.6,4.64E+08,19146.25
9-Jul-19,11531.6,11582.55,11461,11555.9,4.43E+08,21577.95
10-Jul-19,11536.15,11593.7,11475.65,11498.9,3.38E+08,16098.53
11-Jul-19,11561.45,11599,11519.5,11582.9,3.17E+08,14586.2
12-Jul-19,11601.15,11639.55,11538.6,11552.5,3.59E+08,16947.57
15-Jul-19,11614.75,11618.4,11532.3,11588.35,3.69E+08,15835.99
16-Jul-19,11596.65,11670.05,11573.95,11662.6,4.80E+08,15967.91
17-Jul-19,11670.75,11706.65,11651.15,11687.5,4.65E+08,15250.5
18-Jul-19,11675.6,11677.15,11582.4,11596.9,4.98E+08,16684.03
19-Jul-19,11627.95,11640.35,11399.3,11419.25,4.46E+08,17326.4
22-Jul-19,11392.85,11398.15,11301.25,11346.2,5.16E+08,19304.23
23-Jul-19,11372.25,11398.15,11302.8,11331.05,4.59E+08,19199.32
24-Jul-19,11322.45,11359.75,11229.8,11271.3,4.13E+08,18353.13
25-Jul-19,11290.4,11361.4,11239.35,11252.15,5.54E+08,24329.21
26-Jul-19,11247.45,11307.6,11210.05,11284.3,5.23E+08,20350.38
29-Jul-19,11307.5,11310.95,11152.4,11189.2,4.83E+08,18705.92
30-Jul-19,11213.7,11267.45,11072.65,11085.4,4.79E+08,20545.71
31-Jul-19,11034.05,11145.3,10999.4,11118,5.37E+08,23681.22
########,11060.2,11076.75,10881,10980,5.00E+08,21048.32
########,10930.3,11080.15,10848.95,10997.35,5.47E+08,23972.04
########,10895.8,10895.8,10782.6,10862.6,5.07E+08,20824.1
########,10815.4,11018.55,10813.8,10948.25,5.18E+08,21676.4
########,10958.1,10975.65,10835.9,10855.5,5.48E+08,21228.28
########,10899.2,11058.05,10842.95,11032.45,4.82E+08,20667.6
########,11087.9,11181.45,11062.8,11109.65,5.38E+08,21092.05
########,11139.4,11145.9,10901.6,10925.85,6.25E+08,24790.67
########,11003.25,11078.15,10935.6,11029.4,5.12E+08,19712.81
########,11043.65,11068.65,10924.3,11047.8,4.71E+08,19281.91
########,11094.8,11146.9,11037.85,11053.9,3.69E+08,14120.35
########,11063.9,11076.3,10985.3,11017,4.45E+08,16915.96
########,11018.15,11034.2,10906.65,10918.7,5.58E+08,16747.99
########,10905.3,10908.25,10718.3,10741.35,6.68E+08,18764.38
########,10699.6,10862.55,10637.15,10829.35,6.67E+08,20983.75
########,11000.3,11070.3,10756.55,11057.85,6.84E+08,22375.99
########,11106.55,11141.75,11049.5,11105.35,6.86E+08,27413.16
########,11101.3,11129.65,10987.65,11046.1,5.50E+08,16739.43
########,10996.05,11021.1,10922.4,10948.3,6.50E+08,20127.77
########,10987.8,11042.6,10874.8,11023.25,6.28E+08,21057.31
########,10960.95,10967.5,10772.7,10797.9,4.83E+08,16595.6
########,10790.4,10858.75,10746.35,10844.65,5.09E+08,19195.1
########,10860.95,10920.1,10816,10847.9,5.96E+08,18279.88
########,10883.8,10957.05,10867.45,10946.2,4.97E+08,18167.78
########,10936.7,11028.85,10889.8,11003.05,4.12E+08,14762.07
########,11028.5,11054.8,11011.65,11035.7,6.87E+08,19550.59
########,11058.3,11081.75,10964.95,10982.8,5.51E+08,17510.17
########,10986.8,11084.45,10945.75,11075.9,6.24E+08,18012.76
########,10994.85,11052.7,10968.2,11003.5,4.34E+08,15786.17
########,11000.1,11000.1,10796.5,10817.6,4.82E+08,17721.93
########,10872.8,10885.15,10804.85,10840.65,5.19E+08,16784.43
########,10845.2,10845.2,10670.25,10704.8,6.43E+08,16642.83
########,10746.8,11381.9,10691,11274.2,1.36E+09,54081.53
########,11542.7,11694.85,11471.35,11600.2,8.83E+08,40005.01
########,11590.7,11655.05,11539.2,11588.2,6.52E+08,26930.07
########,11564.85,11564.95,11416.1,11440.2,6.29E+08,25266.24
########,11469.85,11610.85,11466.35,11571.2,8.44E+08,30707.84
########,11556.35,11593.6,11499.75,11512.4,6.50E+08,19036.94
########,11491.15,11508.25,11390.8,11474.45,7.57E+08,23748.07
########,11515.4,11554.2,11247.9,11359.9,1.31E+09,28972.72
########,11322.25,11370.4,11257.35,11314,1.02E+09,21658.38
########,11388.45,11400.3,11158.35,11174.75,9.29E+08,22470.76
########,11196.2,11233.85,11112.65,11126.4,7.33E+08,18641.37
########,11152.95,11321.6,11090.15,11313.3,7.41E+08,20961.54
########,11280.5,11293.35,11208.55,11234.55,5.62E+08,19234.31
########,11257.7,11362.9,11189.4,11305.05,7.38E+08,22511.39
########,11335.9,11420.45,11290.05,11341.15,5.88E+08,17499.48
########,11360.85,11462.35,11342.1,11428.3,5.27E+08,17041.55
########,11464.95,11481.05,11411.1,11464,5.33E+08,18266.06
########,11466.3,11599.1,11439.65,11586.35,7.98E+08,20839.2
########,11580.3,11684.7,11553.15,11661.85,8.53E+08,22315.99
########,11657.15,11714.35,11573.65,11588.35,8.68E+08,29726.27
########,11596.2,11651.6,11554.4,11604.1,6.64E+08,23397.69
########,11661.65,11679.6,11534.65,11582.6,7.00E+08,25177.46
########,11646.15,11646.9,11490.75,11583.9,8.12E+08,23611.51
########,11662.25,11672.4,11604.6,11627.15,1.62E+08,3548.21
########,11643.95,11809.4,11627.35,11786.85,9.52E+08,27054.87
########,11883.9,11883.95,11784.45,11844.1,7.25E+08,22672.18
########,11890.45,11945,11855.1,11877.45,1.41E+09,31304.73
########,11886.6,11918.3,11843.35,11890.6,8.55E+08,24933.55
########,11928.9,11989.15,11905.35,11941.3,8.23E+08,23203.88
########,11974.6,11978.95,11861.9,11917.2,6.32E+08,20995.88
########,11911.5,12002.9,11850.25,11966.05,6.03E+08,23324.97
########,12021.1,12021.4,11946.85,12012.05,5.63E+08,20898.24
########,11987.15,12034.15,11888.75,11908.15,7.89E+08,22931.52
########,11879.2,11932.65,11853.95,11913.45,5.49E+08,16548.47
########,11908.3,11946.8,11823.2,11840.45,6.59E+08,20401.5
########,11858.75,11895.65,11802.65,11872.1,5.59E+08,19114.86
########,11904.2,11973.65,11879.25,11895.45,5.80E+08,22350.63
########,11915.15,11946.2,11867.6,11884.5,5.14E+08,17991.41
########,11919.45,11958.85,11881.75,11940.1,6.14E+08,21574.84
########,12004.75,12038.6,11966.05,11999.1,6.47E+08,24341.14
########,12025.65,12028.2,11956.9,11968.4,5.58E+08,21609.99
########,11967.3,11968.1,11883.5,11914.4,4.87E+08,19243.57
########,11922.45,12084.5,11919.75,12073.75,5.34E+08,19990.44
########,12110.2,12132.45,12006.35,12037.7,1.20E+09,46030.62
########,12068.5,12114.9,12055.15,12100.7,5.84E+08,19937.4
########,12132.1,12158.8,12099.95,12151.15,6.20E+08,21229.58
########,12146.2,12147.4,12017.4,12056.05,8.04E+08,21838.04
########,12137.05,12137.15,12023.7,12048.2,7.21E+08,23113.18
########,12067.65,12068.6,11956.4,11994.2,6.06E+08,18203.76
########,11969.95,12054.7,11935.3,12043.2,7.47E+08,22132.83
########,12071.25,12081.2,11998.75,12018.4,5.62E+08,19589.81
########,12047.35,12057.05,11888.85,11921.5,6.09E+08,18245.49
########,11939.1,11981.95,11888.05,11937.5,5.99E+08,16672.87
########,11950.5,11953.2,11844.7,11856.8,6.50E+08,16514.63
########,11867.35,11923.2,11832.3,11910.15,9.98E+08,18760.57
########,11944.3,12005.5,11934,11971.8,7.53E+08,18401.22
########,12026.4,12098.85,12023.6,12086.7,5.98E+08,20626.8
########,12131.35,12134.65,12046.3,12053.95,4.38E+08,16110.34
########,12082.45,12182.75,12070.35,12165,5.00E+08,20968.79
########,12197,12237.7,12163.45,12221.65,5.19E+08,22341.06
########,12223.4,12268.35,12191.15,12259.7,6.23E+08,19761.9
########,12266.45,12293.9,12252.75,12271.8,8.11E+08,25750.24
########,12235.45,12287.15,12213.25,12262.75,6.05E+08,18078.23
########,12269.25,12283.7,12202.1,12214.55,4.70E+08,13864.56
########,12211.85,12221.55,12118.85,12126.55,5.20E+08,16362.31
########,12172.9,12258.45,12157.9,12245.8,3.84E+08,13676.2
########,12274.9,12286.45,12213.8,12255.85,4.11E+08,14556.73
########,12247.1,12247.1,12151.8,12168.45,4.27E+08,14812.89
1-Jan-20,12202.15,12222.2,12165.3,12182.5,3.04E+08,10445.68
2-Jan-20,12198.55,12289.9,12195.25,12282.2,4.08E+08,15256.55
3-Jan-20,12261.1,12265.6,12191.35,12226.65,4.29E+08,16827.27
6-Jan-20,12170.6,12179.1,11974.2,11993.05,3.97E+08,16869.22
7-Jan-20,12079.1,12152.15,12005.35,12052.95,4.48E+08,17797.68
8-Jan-20,11939.1,12044.95,11929.6,12025.35,4.46E+08,18281.15
9-Jan-20,12153.15,12224.05,12132.55,12215.9,4.77E+08,18456.64
10-Jan-20,12271,12311.2,12213.2,12256.8,6.61E+08,18818.62
13-Jan-20,12296.7,12337.75,12285.8,12329.55,5.01E+08,17522.13
14-Jan-20,12333.1,12374.25,12308.7,12362.3,6.16E+08,17948.92
15-Jan-20,12349.4,12355.15,12278.75,12343.3,6.84E+08,17882.51
16-Jan-20,12347.1,12389.05,12315.8,12355.5,3.96E+08,16004.06
17-Jan-20,12328.4,12385.45,12321.4,12352.35,5.02E+08,21397.63
20-Jan-20,12430.5,12430.5,12216.9,12224.55,4.92E+08,21415.43
21-Jan-20,12195.3,12230.05,12162.3,12169.85,4.44E+08,18682.65
22-Jan-20,12218.35,12225.05,12087.9,12106.9,5.26E+08,19758.68
23-Jan-20,12123.75,12189,12094.1,12180.35,8.68E+08,23829.39
24-Jan-20,12174.55,12272.15,12149.65,12248.25,5.93E+08,18032.27
27-Jan-20,12197.1,12216.6,12107,12119,4.41E+08,17988.61
28-Jan-20,12148.1,12163.55,12024.5,12055.8,4.78E+08,20917.62
29-Jan-20,12114.9,12169.6,12103.8,12129.5,5.14E+08,20646.18
30-Jan-20,12147.75,12150.3,12010.6,12035.8,5.38E+08,19372.67
31-Jan-20,12100.4,12103.55,11945.85,11962.1,7.71E+08,26044.91
########,11939,12017.35,11633.3,11661.85,5.38E+08,20598.12
########,11627.45,11749.85,11614.5,11707.9,6.70E+08,25415.26
########,11786.25,11986.15,11783.4,11979.65,5.60E+08,22338.5
########,12005.85,12098.15,11953.35,12089.15,7.58E+08,22998.05
########,12120,12160.6,12084.65,12137.95,5.65E+08,21735.92
########,12151.15,12154.7,12073.95,12098.35,4.73E+08,16339.61
########,12102.35,12103.55,11990.75,12031.5,5.26E+08,17185.14
########,12108.4,12172.3,12099,12107.9,4.80E+08,16209.52
########,12151,12231.75,12144.3,12201.2,4.12E+08,16598.33
########,12219.55,12225.65,12139.8,12174.65,5.02E+08,16315.27
########,12190.15,12246.7,12091.2,12113.45,6.23E+08,20759.51
########,12131.8,12159.6,12037,12045.8,4.55E+08,15439.55
########,12028.25,12030.75,11908.05,11992.5,6.77E+08,18853
########,12090.6,12134.7,12042.1,12125.9,5.14E+08,17610.89
########,12119,12152,12071.45,12080.85,5.03E+08,18831.51
########,12012.55,12012.55,11813.4,11829.4,4.91E+08,19421.04
########,11877.5,11883.05,11779.9,11797.9,4.61E+08,18510.82
########,11738.55,11783.25,11639.6,11678.5,5.68E+08,21887.07
########,11661.25,11663.85,11536.7,11633.3,6.09E+08,21623.47
########,11382,11384.8,11175.05,11201.75,8.11E+08,32297.15
########,11387.35,11433,11036.25,11132.75,6.81E+08,24204.55
########,11217.55,11342.25,11152.55,11303.3,6.97E+08,23281.2
########,11351.35,11356.6,11082.15,11251,7.98E+08,26928.46
########,11306.05,11389.5,11244.6,11269,1.35E+09,26980.65
########,10942.65,11035.1,10827.4,10989.45,1.81E+09,26455.29
########,10742.05,10751.55,10294.45,10451.45,1.57E+09,35151.79
########,10334.3,10545.1,10334,10458.4,1.22E+09,32548.47
########,10039.95,10040.75,9508,9590.15,1.34E+09,39283.97
########,9107.6,10159.4,8555.15,9955.2,1.39E+09,44167.89
########,9587.8,9602.2,9165.1,9197.4,8.99E+08,29181.8
########,9285.4,9403.8,8915.6,8967.05,9.36E+08,28004.16
########,9088.45,9127.55,8407.05,8468.8,1.52E+09,39256.71
########,8063.3,8575.45,7832.55,8263.45,9.27E+08,34274.23
########,8284.45,8883,8178.2,8745.45,1.07E+09,37321.25
########,7945.7,8159.25,7583.6,7610.25,6.54E+08,23891.9
########,7848.3,8036.95,7511.1,7801.05,7.39E+08,28282.09
########,7735.15,8376.75,7714.75,8317.85,7.38E+08,28482.01
########,8451,8749.05,8304.9,8641.45,8.67E+08,32228.31
########,8949.1,9038.9,8522.9,8660.25,8.02E+08,31336.86
########,8385.95,8576,8244,8281.1,5.94E+08,24724.44
########,8529.35,8678.3,8358,8597.75,7.13E+08,27401.3
1-Apr-20,8584.1,8588.1,8198.35,8253.8,5.08E+08,21307.3
3-Apr-20,8356.55,8356.55,8055.8,8083.8,6.98E+08,26561.18
7-Apr-20,8446.3,8819.4,8360.95,8792.2,8.15E+08,35206.69
8-Apr-20,8688.9,9131.7,8653.9,8748.75,8.98E+08,37641.68
9-Apr-20,8973.05,9128.35,8904.55,9111.9,7.43E+08,32907.82
13-Apr-20,9103.95,9112.05,8912.4,8993.85,6.44E+08,26749.06
15-Apr-20,9196.4,9261.2,8874.1,8925.3,8.80E+08,41878.64
16-Apr-20,8851.25,9053.75,8821.9,8992.8,7.20E+08,31318.29
17-Apr-20,9323.45,9324,9091.35,9266.75,6.85E+08,33334.73
20-Apr-20,9390.2,9390.85,9230.8,9261.85,7.26E+08,28620.91
21-Apr-20,9016.95,9044.4,8909.4,8981.45,6.55E+08,28273.89
22-Apr-20,9026.75,9209.75,8946.25,9187.3,7.34E+08,33981.82
23-Apr-20,9232.35,9343.6,9170.15,9313.9,6.67E+08,30270.55
24-Apr-20,9163.9,9296.9,9141.3,9154.4,6.59E+08,32859.05
27-Apr-20,9259.7,9377.1,9250.35,9282.3,5.13E+08,26696.54
28-Apr-20,9389.8,9404.4,9260,9380.9,6.15E+08,30091.41
29-Apr-20,9408.6,9599.85,9392.35,9553.35,6.53E+08,31673.23
30-Apr-20,9753.5,9889.05,9731.5,9859.9,9.31E+08,39332.46
########,9533.5,9533.5,9266.95,9293.5,6.87E+08,29785.95
########,9429.4,9450.9,9190.75,9205.6,7.25E+08,29700.2
########,9226.8,9346.9,9116.5,9270.9,7.22E+08,30798.1
########,9234.05,9277.85,9175.9,9199.05,7.09E+08,59705.53
########,9376.95,9382.65,9238.2,9251.5,6.09E+08,30743.45
########,9348.15,9439.9,9219.95,9239.2,7.05E+08,31048.47
########,9168.85,9240.85,9043.95,9196.55,8.05E+08,37706.27
########,9584.2,9584.5,9351.1,9383.55,8.46E+08,36488.9
########,9213.95,9281.1,9119.75,9142.75,6.03E+08,29541.59
########,9182.4,9182.4,9050,9136.85,5.76E+08,25847.33
########,9158.3,9158.3,8806.75,8823.25,7.73E+08,33347.46
########,8961.7,9030.35,8855.3,8879.1,7.62E+08,32026.94
########,8889.15,9093.8,8875.35,9066.55,6.22E+08,30721.99
########,9079.45,9178.55,9056.1,9106.25,6.32E+08,28303.51
########,9067.9,9149.6,8968.55,9039.25,6.76E+08,31625.47
########,9099.75,9161.65,8996.65,9029.05,6.55E+08,30871.59
########,9082.2,9334,9004.25,9314.95,7.63E+08,34603.88
########,9364.95,9511.25,9336.5,9490.1,8.38E+08,37761.91
########,9422.2,9598.85,9376.9,9580.3,9.67E+08,45006.25
1-Jun-20,9726.85,9931.6,9706.95,9826.15,7.94E+08,38096.92
2-Jun-20,9880.85,9995.6,9824.05,9979.1,7.70E+08,36723.11
3-Jun-20,10108.3,10176.2,10035.55,10061.55,7.95E+08,38343.61
4-Jun-20,10054.25,10123.85,9944.25,10029.1,7.75E+08,36399.04
5-Jun-20,10093.8,10177.8,10040.75,10142.15,9.87E+08,37824.63
8-Jun-20,10326.75,10328.5,10120.25,10167.45,9.36E+08,37819.06
9-Jun-20,10181.15,10291.15,10021.45,10046.65,7.54E+08,36201.05
10-Jun-20,10072.6,10148.75,10036.85,10116.15,6.32E+08,28485.47
11-Jun-20,10094.1,10112.05,9885.05,9902,7.15E+08,30813.85
12-Jun-20,9544.95,9996.05,9544.35,9972.9,7.96E+08,36505.77
15-Jun-20,9919.35,9943.35,9726.35,9813.7,7.16E+08,31926.65
16-Jun-20,10014.8,10046.15,9728.5,9914,9.00E+08,36257.89
17-Jun-20,9876.7,10003.6,9833.8,9881.15,6.85E+08,30700.69
18-Jun-20,9863.25,10111.2,9845.05,10091.65,6.23E+08,28594.32
19-Jun-20,10119,10272.4,10072.65,10244.4,8.92E+08,48103.56
22-Jun-20,10318.75,10393.65,10277.6,10311.2,6.85E+08,35529.8
23-Jun-20,10347.95,10484.7,10301.75,10471,6.69E+08,34148.13
24-Jun-20,10529.25,10553.15,10281.95,10305.3,8.55E+08,41394.45
25-Jun-20,10235.55,10361.8,10194.5,10288.9,9.94E+08,41726.07
26-Jun-20,10378.9,10409.85,10311.25,10383,6.72E+08,31841.68
29-Jun-20,10311.95,10337.95,10223.6,10312.4,5.75E+08,27019.46
30-Jun-20,10382.6,10401.05,10267.35,10302.1,5.56E+08,27342.55
1-Jul-20,10323.8,10447.05,10299.6,10430.05,5.74E+08,28736.28
2-Jul-20,10493.05,10598.2,10485.55,10551.7,5.97E+08,31235.17
3-Jul-20,10614.95,10631.3,10562.65,10607.35,5.25E+08,25186.39
6-Jul-20,10723.85,10811.4,10695.1,10763.65,5.71E+08,29857.54
7-Jul-20,10802.85,10813.8,10689.7,10799.65,6.37E+08,36502.37
8-Jul-20,10818.65,10847.85,10676.55,10705.75,7.68E+08,37676.34
9-Jul-20,10755.55,10836.85,10733,10813.45,6.19E+08,31315.87
10-Jul-20,10764.1,10819.4,10713,10768.05,5.91E+08,31557.58
13-Jul-20,10851.85,10894.05,10756.05,10802.7,5.54E+08,30606.3
14-Jul-20,10750.85,10755.65,10562.9,10607.35,5.32E+08,30902.47
15-Jul-20,10701,10827.45,10577.75,10618.2,7.16E+08,42376.03
16-Jul-20,10706.2,10755.3,10595.2,10739.95,6.94E+08,41453.95
17-Jul-20,10752,10933.45,10749.65,10901.7,6.77E+08,35592.83
20-Jul-20,10999.45,11037.9,10953,11022.2,5.54E+08,32738.64
21-Jul-20,11126.1,11179.55,11113.25,11162.25,7.72E+08,42461.89
22-Jul-20,11231.2,11238.1,11056.55,11132.6,7.65E+08,41068.72
23-Jul-20,11135,11239.8,11103.15,11215.45,6.22E+08,32744.93
24-Jul-20,11149.95,11225.4,11090.3,11194.15,6.79E+08,40217.17
27-Jul-20,11225,11225,11087.85,11131.8,5.88E+08,34539.73
28-Jul-20,11154.1,11317.75,11151.4,11300.55,6.84E+08,38677.47
29-Jul-20,11276.9,11341.4,11149.75,11202.85,6.01E+08,38726.02
30-Jul-20,11254.3,11299.95,11084.95,11102.15,6.78E+08,39150.44
31-Jul-20,11139.5,11150.4,11026.65,11073.45,6.43E+08,36220.09
########,11057.55,11058.05,10882.25,10891.6,6.81E+08,31149.94
########,10946.65,11112.25,10908.1,11095.25,6.26E+08,35357.96
########,11155.75,11225.65,11064.05,11101.65,6.68E+08,34894.58
########,11185.7,11256.8,11127.3,11200.15,6.00E+08,31501.08
########,11186.65,11231.9,11142.05,11214.05,4.53E+08,27054.43
########,11270.25,11337.3,11238,11270.15,4.92E+08,29108.25
########,11322.25,11373.6,11299.15,11322.5,5.86E+08,30314.89
########,11289,11322,11242.65,11308.4,6.10E+08,28088.09
########,11334.85,11359.3,11269.95,11300.45,5.62E+08,26500.52
########,11353.3,11366.25,11111.45,11178.4,6.45E+08,31059.23
########,11248.9,11267.1,11144.5,11247.1,6.34E+08,27468.67
########,11259.8,11401.7,11253.15,11385.35,5.79E+08,27267.51
########,11452.15,11460.35,11394.1,11408.4,6.26E+08,27528.12
########,11317.45,11361.45,11289.8,11312.2,7.92E+08,27676.18
########,11409.65,11418.5,11362.2,11371.6,6.69E+08,26294.26
########,11412,11497.25,11410.65,11466.45,5.33E+08,28920.84
########,11513.1,11525.9,11423.35,11472.25,6.38E+08,28742.82
########,11512.85,11561.75,11461.85,11549.6,7.43E+08,34852.01
########,11609.3,11617.35,11540.6,11559.25,7.20E+08,31580.61
########,11602.95,11686.05,11589.4,11647.6,8.07E+08,39349.92
########,11777.55,11794.25,11325.85,11387.5,1.37E+09,61668.55
########,11464.3,11553.55,11366.9,11470.25,7.84E+08,36752.54
########,11478.55,11554.75,11430.4,11535,5.93E+08,27454.65
########,11566.2,11584.95,11507.65,11527.45,6.07E+08,26868.26
########,11354.4,11452.05,11303.65,11333.85,6.81E+08,31746.86
########,11359.6,11381.15,11251.7,11355.05,5.60E+08,25959.82
########,11378.55,11437.25,11290.45,11317.35,5.72E+08,27979.7
########,11218.6,11298.15,11185.15,11278,7.29E+08,32660.67
########,11363.3,11464.05,11327.4,11449.25,6.79E+08,39239.1
########,11447.8,11493.5,11419.9,11464.45,5.55E+08,29614.09
########,11540.15,11568.9,11383.55,11440.05,6.42E+08,33996.94
########,11487.2,11535.95,11442.25,11521.8,5.07E+08,28054.51
########,11538.45,11618.1,11516.75,11604.55,5.28E+08,27629.71
########,11539.4,11587.2,11498.5,11516.1,5.18E+08,29674.95
########,11584.1,11584.1,11446.1,11504.95,7.64E+08,48698.68
########,11503.8,11535.25,11218.5,11250.55,6.03E+08,37213.23
########,11301.75,11302.2,11084.65,11153.65,6.72E+08,36296.49
########,11258.75,11259.55,11024.4,11131.85,7.15E+08,35542.98
########,11011,11015.3,10790.2,10805.55,7.06E+08,33623.71
########,10910.4,11072.6,10854.85,11050.25,5.60E+08,31122.18
########,11140.85,11239.35,11099.85,11227.55,4.73E+08,24361.17
########,11288.6,11305.4,11181,11222.4,4.98E+08,26875.14
########,11244.45,11295.4,11184.55,11247.55,4.99E+08,28134.77
########,11364.45,11428.6,11347.05,11416.95,4.48E+08,26212.72
########,11487.8,11578.05,11452.3,11503.35,5.31E+08,31341.55
########,11603.45,11680.3,11564.3,11662.4,5.61E+08,30373.65
########,11679.25,11763.05,11629.35,11738.85,5.13E+08,32935.98
########,11835.4,11905.7,11791.15,11834.6,6.09E+08,38677.49
########,11852.05,11938.6,11805.2,11914.2,6.11E+08,34546.8
########,11973.55,12022.05,11867.2,11930.95,5.23E+08,26586.47
########,11934.65,11988.2,11888.9,11934.5,4.58E+08,29403.22
########,11917.4,11997.2,11822.15,11971.05,5.69E+08,29940.62
########,12023.45,12025.45,11661.3,11680.35,6.09E+08,35175.92
########,11727.4,11789.75,11667.85,11762.45,5.56E+08,30439.19
########,11879.2,11898.25,11820.4,11873.05,5.41E+08,29888.6
########,11861,11949.25,11837.25,11896.8,4.54E+08,28367.34
########,11958.55,12018.65,11775.75,11937.65,6.24E+08,37477.13
########,11890,11939.55,11823.45,11896.45,5.45E+08,33013.17
########,11957.9,11974.55,11908.75,11930.35,5.02E+08,27424.61
########,11937.4,11942.85,11711.7,11767.75,5.20E+08,29316.02
########,11807.1,11899.05,11723,11889.4,6.16E+08,37989.97
########,11922.6,11929.4,11684.85,11729.6,7.04E+08,37025.89
########,11633.3,11744.15,11606.45,11670.8,5.55E+08,30436.62
########,11678.45,11748.95,11535.45,11642.4,5.54E+08,28151.58
########,11697.35,11725.65,11557.4,11669.15,5.68E+08,35714.57
########,11734.45,11836.2,11723.3,11813.5,6.74E+08,36363.95
########,11783.35,11929.65,11756.4,11908.5,6.67E+08,38552.09
########,12062.4,12131.1,12027.6,12120.3,6.32E+08,32311.46
########,12156.65,12280.4,12131.85,12263.55,5.77E+08,34965.94
########,12399.4,12474.05,12367.35,12461.05,5.53E+08,34255.11
########,12556.4,12643.9,12475.25,12631.1,8.47E+08,51247.01
########,12680.6,12769.75,12571.1,12749.15,8.80E+08,54744.55
########,12702.15,12741.15,12624.85,12690.8,6.22E+08,36794.24
########,12659.7,12735.95,12607.7,12719.95,5.14E+08,34568.65
########,12823.35,12828.7,12749.45,12780.25,1.08E+08,5189.38
########,12932.5,12934.05,12797.1,12874.2,7.08E+08,40977.03
########,12860.1,12948.85,12819.35,12938.25,7.31E+08,39856.45
########,12839.5,12963,12745.75,12771.7,7.69E+08,44747.08
########,12813.4,12892.45,12730.25,12859.05,6.64E+08,42992.15
########,12960.3,12968.85,12825.7,12926.45,6.33E+08,42031.38
########,13002.6,13079.1,12978,13055.15,5.72E+08,37094.23
########,13130,13145.85,12833.65,12858.4,6.79E+08,37401.36
########,12906.45,13018,12790.4,12987,5.50E+08,34624.15
########,13012.05,13035.3,12914.3,12968.95,1.16E+09,78522.93
########,13062.2,13128.4,12962.8,13109.05,5.84E+08,32917.26
########,13121.4,13128.5,12983.55,13113.75,7.18E+08,34008.74
########,13215.3,13216.6,13107.9,13133.9,7.14E+08,39627.71
########,13177.4,13280.05,13152.85,13258.55,6.41E+08,36428.05
########,13264.85,13366.65,13241.95,13355.75,5.92E+08,33578.64
########,13393.85,13435.45,13311.05,13392.95,5.43E+08,33755.81
########,13458.1,13548.9,13449.6,13529.1,5.03E+08,28726.97
########,13488.5,13503.55,13399.3,13478.3,5.53E+08,30400.2
########,13512.3,13579.35,13402.85,13513.85,7.88E+08,33696.57
########,13571.45,13597.5,13472.45,13558.15,5.58E+08,28133.58
########,13547.2,13589.65,13447.05,13567.85,4.98E+08,30828.33
########,13663.1,13692.35,13606.45,13682.7,4.62E+08,27460.18
########,13713.55,13773.25,13673.55,13740.7,4.16E+08,27712.93
########,13764.4,13772.85,13658.6,13760.55,5.19E+08,34803.3
########,13741.9,13777.5,13131.45,13328.4,6.87E+08,38243.62
########,13373.65,13492.05,13192.9,13466.3,6.96E+08,36328.33
########,13473.5,13619.45,13432.2,13601.1,4.59E+08,27073.45
########,13672.15,13771.75,13626.9,13749.25,4.71E+08,24764.35
########,13815.15,13885.3,13811.55,13873.2,4.04E+08,20923.06
########,13910.35,13967.6,13859.9,13932.6,4.40E+08,25154.23
########,13980.9,13997,13864.95,13981.95,3.81E+08,24633.12
########,13970,14024.85,13936.45,13981.75,4.52E+08,26305.82
1-Jan-21,13996.1,14049.85,13991.35,14018.5,2.58E+08,15873.75
4-Jan-21,14104.35,14147.95,13953.75,14132.9,4.95E+08,28705.09
5-Jan-21,14075.15,14215.6,14048.15,14199.5,4.92E+08,30872.87
6-Jan-21,14240.95,14244.15,14039.9,14146.25,6.32E+08,34615.55
7-Jan-21,14253.75,14256.25,14123.1,14137.35,5.59E+08,33446.47
8-Jan-21,14258.4,14367.3,14221.65,14347.25,6.13E+08,37615.19
11-Jan-21,14474.05,14498.2,14383.1,14484.75,6.73E+08,40186.21
12-Jan-21,14473.8,14590.65,14432.85,14563.45,9.30E+08,44976.12
13-Jan-21,14639.8,14653.35,14435.7,14564.85,8.74E+08,44682.93
14-Jan-21,14550.05,14617.8,14471.5,14595.6,6.20E+08,37534.37
15-Jan-21,14594.35,14617.45,14357.85,14433.7,7.90E+08,39912.18
18-Jan-21,14453.3,14459.15,14222.8,14281.3,7.62E+08,41716.22
19-Jan-21,14371.65,14546.05,14350.85,14521.15,5.46E+08,33084.79
20-Jan-21,14538.3,14666.45,14517.55,14644.7,6.23E+08,34639.36
21-Jan-21,14730.95,14753.55,14517.25,14590.35,7.05E+08,41939.04
22-Jan-21,14583.4,14619.9,14357.75,14371.9,7.77E+08,45322.54
25-Jan-21,14477.8,14491.1,14218.6,14238.9,6.19E+08,42278.39
27-Jan-21,14237.95,14237.95,13929.3,13967.5,6.61E+08,40579.24
28-Jan-21,13810.4,13898.25,13713.25,13817.55,6.38E+08,39881.82
29-Jan-21,13946.6,13966.85,13596.75,13634.6,7.53E+08,46918.29
########,13758.6,14336.35,13661.75,14281.2,8.71E+08,51840.22
########,14481.1,14731.7,14469.15,14647.85,9.15E+08,58177.74
########,14754.9,14868.85,14574.15,14789.95,8.69E+08,49312.35
########,14789.05,14913.7,14714.75,14895.65,8.85E+08,47811.8
########,14952.6,15014.65,14864.75,14924.25,9.36E+08,54394.63
########,15064.3,15159.9,15041.05,15115.8,6.71E+08,40483.96
########,15164.15,15257.1,15064.3,15109.3,7.13E+08,41930.72
########,15119.05,15168.25,14977.2,15106.5,6.25E+08,40707.97
########,15073.25,15188.5,15065.4,15173.3,5.00E+08,30933.44
########,15186.2,15243.5,15081,15163.3,5.72E+08,32304.24
########,15270.3,15340.15,15243.4,15314.7,4.56E+08,28955.29
########,15371.45,15431.75,15242.2,15313.45,6.49E+08,36550.03
########,15279.9,15314.3,15170.75,15208.9,5.05E+08,34073.12
########,15238.7,15250.75,15078.05,15118.95,7.71E+08,37093.99
########,15074.8,15144.05,14898.2,14981.75,7.12E+08,37419.34
########,14999.05,15010.1,14635.05,14675.7,6.10E+08,37578.07
########,14782.25,14854.5,14651.85,14707.8,7.44E+08,39508.09
########,14729.15,15008.8,14723.05,14982,4.04E+08,23723.99
########,15079.85,15176.5,15065.35,15097.35,8.04E+08,42983.07
########,14888.6,14919.45,14467.75,14529.15,1.10E+09,65012.96
########,14702.5,14806.8,14638.55,14761.55,5.07E+08,30030.57
########,14865.3,14959.1,14760.8,14919.1,6.22E+08,34647.26
########,15064.4,15273.15,14995.8,15245.6,5.44E+08,34567.73
########,15026.75,15202.35,14980.2,15080.75,5.35E+08,36036.02
########,14977.95,15092.35,14862.1,14938.1,6.41E+08,37811.6
########,15002.45,15111.15,14919.9,14956.2,5.80E+08,29518.07
########,15049.9,15126.85,14925.45,15098.4,6.75E+08,38365.48
########,15202.15,15218.45,15100.85,15174.8,4.05E+08,25603.32
########,15321.15,15336.3,14953.6,15030.95,4.93E+08,32195.96
########,15048.4,15048.4,14745.85,14929.5,4.67E+08,28118
########,14996.1,15051.6,14890.65,14910.45,4.38E+08,27975.07
########,14946.55,14956.55,14696.05,14721.3,4.79E+08,27983.5
########,14855.5,14875.2,14478.6,14557.85,5.42E+08,31339.71
########,14471.15,14788.25,14350.1,14744,9.19E+08,49011.27
########,14736.3,14763.9,14597.85,14736.4,4.59E+08,27345.02
########,14768.55,14878.6,14707,14814.75,4.74E+08,30322.09
########,14712.45,14752.35,14535,14549.4,4.56E+08,27868.93
########,14570.9,14575.6,14264.4,14324.9,6.07E+08,35350.22
########,14506.3,14572.9,14414.25,14507.3,4.81E+08,29423.45
########,14628.5,14876.3,14617.6,14845.1,5.95E+08,35117.93
########,14811.85,14813.75,14670.25,14690.7,4.37E+08,29741.83
1-Apr-21,14798.4,14883.2,14692.45,14867.35,4.30E+08,29585.23
5-Apr-21,14837.7,14849.85,14459.5,14637.8,5.00E+08,33885.39
6-Apr-21,14737,14779.1,14573.9,14683.5,4.74E+08,31885.97
7-Apr-21,14716.45,14879.8,14649.85,14819.05,4.76E+08,35184.96
8-Apr-21,14875.65,14984.15,14821.1,14873.8,5.04E+08,34444.56
9-Apr-21,14882.65,14918.45,14785.65,14834.85,4.98E+08,35010.36
12-Apr-21,14644.65,14652.5,14248.7,14310.8,6.38E+08,43433.24
13-Apr-21,14364.9,14528.9,14274.9,14504.8,5.89E+08,40846.57
15-Apr-21,14522.4,14597.55,14353.2,14581.45,5.57E+08,40177.25
16-Apr-21,14599.6,14697.7,14559,14617.85,5.69E+08,36653.65
19-Apr-21,14306.6,14382.3,14191.4,14359.45,5.03E+08,34751.95
20-Apr-21,14526.7,14526.95,14207.3,14296.4,4.57E+08,34687.11
22-Apr-21,14219.15,14424.75,14151.4,14406.15,5.17E+08,37235.71
23-Apr-21,14326.35,14461.15,14273.3,14341.35,4.77E+08,31894.66
26-Apr-21,14449.45,14557.5,14421.3,14485,4.49E+08,33156.16
27-Apr-21,14493.8,14667.55,14484.85,14653.05,4.42E+08,32181.14
28-Apr-21,14710.5,14890.25,14694.95,14864.55,4.54E+08,37650.11
29-Apr-21,14979,15044.35,14814.45,14894.9,5.11E+08,41597.37
30-Apr-21,14747.35,14855.45,14601.7,14631.1,5.95E+08,40335.86
########,14481.05,14673.85,14416.25,14634.15,4.43E+08,32538.97
########,14687.25,14723.4,14461.5,14496.5,4.80E+08,34024.77
########,14604.15,14637.9,14506.6,14617.85,4.37E+08,28942.47
########,14668.35,14743.9,14611.5,14724.8,4.45E+08,31015.95
########,14816.85,14863.05,14765.5,14823.15,4.84E+08,33583.37
########,14928.25,14966.9,14892.5,14942.35,5.11E+08,31620.64
########,14789.7,14900,14771.4,14850.75,6.16E+08,32955.82
########,14823.55,14824.05,14649.7,14696.5,6.20E+08,32035.23
########,14749.4,14749.65,14591.9,14677.8,6.03E+08,39176.28
########,14756.25,14938,14725.35,14923.15,5.35E+08,35571.28
########,15067.2,15137.25,15043.7,15108.1,5.72E+08,35634.73
########,15058.6,15133.4,15008.85,15030.15,5.63E+08,31100.21
########,15042.6,15069.8,14884.9,14906.05,4.67E+08,28002.53
########,14987.8,15190,14985.85,15175.3,5.58E+08,31921.76
########,15211.35,15256.25,15145.45,15197.7,5.67E+08,32061.04
########,15291.75,15293.85,15163.4,15208.45,4.17E+08,26871.99
########,15257.05,15319.9,15194.95,15301.45,3.78E+08,26187.83
########,15323.95,15384.55,15272.5,15337.85,6.82E+08,48219.93
########,15421.2,15469.65,15394.75,15435.65,4.56E+08,32992.08
########,15437.75,15606.35,15374,15582.8,4.36E+08,32739.29
1-Jun-21,15629.65,15660.75,15528.3,15574.85,4.10E+08,27964.09
2-Jun-21,15520.35,15597.45,15459.85,15576.2,4.29E+08,28781.87
3-Jun-21,15655.55,15705.1,15611,15690.35,4.10E+08,27519.48
4-Jun-21,15712.5,15733.6,15622.35,15670.25,4.14E+08,25363.03
7-Jun-21,15725.1,15773.45,15678.1,15751.65,3.94E+08,25411.48
8-Jun-21,15773.9,15778.8,15680,15740.1,3.78E+08,24172.13
9-Jun-21,15766.3,15800.45,15566.9,15635.35,4.58E+08,26926.49
10-Jun-21,15692.1,15751.25,15648.5,15737.75,2.98E+08,23032.9
11-Jun-21,15796.45,15835.55,15749.8,15799.35,3.63E+08,24591.69
14-Jun-21,15791.4,15823.05,15606.5,15811.85,3.93E+08,28001.5
15-Jun-21,15866.95,15901.6,15842.4,15869.25,3.23E+08,22181.26
16-Jun-21,15847.5,15880.85,15742.6,15767.55,3.40E+08,22505.95
17-Jun-21,15648.3,15769.35,15616.75,15691.4,3.58E+08,26048.47
18-Jun-21,15756.5,15761.5,15450.9,15683.35,6.41E+08,42024.55
21-Jun-21,15525.85,15765.15,15505.65,15746.5,3.52E+08,22525.89
22-Jun-21,15840.5,15895.75,15752.1,15772.75,3.22E+08,24440.47
23-Jun-21,15862.8,15862.95,15673.95,15686.95,2.88E+08,23222.94
24-Jun-21,15737.3,15821.4,15702.7,15790.45,3.17E+08,29623.58
25-Jun-21,15839.35,15870.8,15772.3,15860.35,3.15E+08,26933.22
28-Jun-21,15915.35,15915.65,15792.15,15814.7,2.55E+08,18713.41
29-Jun-21,15807.5,15835.9,15724.05,15748.45,3.60E+08,24392.13
30-Jun-21,15776.9,15839.1,15708.75,15721.5,2.62E+08,20379.76
1-Jul-21,15755.05,15755.55,15667.05,15680,2.25E+08,17359.97
2-Jul-21,15705.85,15738.35,15635.95,15722.2,2.55E+08,18015.42
5-Jul-21,15793.4,15845.95,15762.05,15834.35,2.07E+08,14976.54
6-Jul-21,15813.75,15914.2,15801,15818.25,3.91E+08,24456.05
7-Jul-21,15819.6,15893.55,15779.7,15879.65,3.29E+08,22259.96
8-Jul-21,15855.4,15885.75,15682.9,15727.9,3.08E+08,19597.95
9-Jul-21,15688.25,15730.85,15632.75,15689.8,2.43E+08,19976.86
12-Jul-21,15766.8,15789.2,15644.75,15692.6,2.16E+08,18482.89
13-Jul-21,15794,15820.8,15744.6,15812.35,2.47E+08,18205.97
14-Jul-21,15808.7,15877.35,15764.2,15853.95,2.40E+08,18372.84
15-Jul-21,15872.15,15952.35,15855,15924.2,2.85E+08,20961.37
16-Jul-21,15958.35,15962.25,15882.6,15923.4,2.76E+08,18758.13
19-Jul-21,15754.5,15836.9,15707.5,15752.4,2.42E+08,18088.78
20-Jul-21,15703.95,15728.45,15578.55,15632.1,2.74E+08,21329.55
22-Jul-21,15736.6,15834.8,15726.4,15824.05,2.65E+08,23988.39
23-Jul-21,15856.8,15899.8,15768.4,15856.05,2.94E+08,20685.82
26-Jul-21,15849.3,15893.35,15797,15824.45,2.67E+08,19487.18
27-Jul-21,15860.5,15881.55,15701,15746.45,3.11E+08,26117.34
28-Jul-21,15761.55,15767.5,15513.45,15709.4,3.19E+08,26090.48
29-Jul-21,15762.7,15817.35,15737.8,15778.45,4.02E+08,29460.54
30-Jul-21,15800.6,15862.8,15744.85,15763.05,4.00E+08,30539.63
########,15874.9,15892.9,15834.65,15885.15,2.45E+08,20766.99
########,15951.55,16146.9,15914.35,16130.75,3.41E+08,26373.24
########,16195.25,16290.2,16176.15,16258.8,4.27E+08,32434.78
########,16288.95,16349.45,16210.3,16294.6,4.18E+08,31386.78
########,16304.4,16336.75,16223.3,16238.2,3.20E+08,24716.17
########,16281.35,16320.75,16179.05,16258.25,2.40E+08,18302.03
########,16274.8,16359.25,16202.25,16280.1,2.88E+08,22600.38
########,16327.3,16338.75,16162.55,16282.25,2.78E+08,20306.59
########,16303.65,16375.5,16286.9,16364.4,2.80E+08,18548.87
########,16385.7,16543.6,16376.3,16529.1,3.22E+08,27163.08
########,16518.4,16589.4,16480.75,16563.05,2.54E+08,21456.2
########,16545.25,16628.55,16495.4,16614.6,2.97E+08,25696.44
########,16691.95,16701.85,16535.85,16568.85,2.52E+08,22721.54
########,16382.5,16509.55,16376.05,16450.5,3.51E+08,30118.23
########,16592.25,16592.5,16395.7,16496.45,2.76E+08,24355.77
########,16561.4,16647.1,16495.3,16624.6,2.75E+08,24992.32
########,16654,16712.45,16617.5,16634.65,2.66E+08,22210.6
########,16627.95,16683.7,16603.4,16636.9,2.54E+08,22320.21
########,16642.55,16722.05,16565.6,16705.2,2.17E+08,20499.85
########,16775.85,16951.5,16764.85,16931.05,2.83E+08,23615.87
########,16947.5,17153.5,16915.85,17132.2,4.64E+08,40147.89
########,17185.6,17225.75,17055.05,17076.25,3.02E+08,27691.93
########,17095.4,17245.5,17059.7,17234.15,2.42E+08,22620.36
########,17262.45,17340.1,17212.2,17323.6,2.61E+08,23579.17
########,17399.35,17429.55,17345.55,17377.8,2.28E+08,21270.62
########,17401.55,17436.5,17287,17362.1,2.43E+08,19848.94
########,17375.75,17383.4,17254.2,17353.5,2.53E+08,22696.35
########,17312.85,17379.65,17302.7,17369.25,2.42E+08,17719.78
########,17363.55,17378.35,17269.15,17355.3,2.41E+08,18498.63
########,17420.35,17438.55,17367.05,17380,2.30E+08,18702.82
########,17387.65,17532.7,17386.9,17519.45,3.88E+08,24256.8
########,17539.2,17644.6,17510.45,17629.5,5.03E+08,30189.77
########,17709.65,17792.95,17537.65,17585.15,5.08E+08,43345.58
########,17443.85,17622.75,17361.8,17396.9,3.39E+08,25304.27
########,17450.5,17578.35,17326.1,17562,3.64E+08,26520.99
########,17580.9,17610.45,17524,17546.65,2.95E+08,21772.23
########,17670.85,17843.9,17646.55,17822.95,3.21E+08,25005.36
########,17897.45,17947.65,17819.4,17853.2,3.60E+08,30787.59
########,17932.2,17943.5,17802.9,17855.1,2.96E+08,24244.98
########,17906.45,17912.85,17576.1,17748.6,3.98E+08,27055.36
########,17657.95,17781.75,17608.15,17711.3,5.62E+08,30621.28
########,17718.9,17742.15,17585.35,17618.15,3.79E+08,27167.19
########,17531.9,17557.15,17452.9,17532.05,3.06E+08,20911.61
########,17615.55,17750.9,17581.35,17691.25,2.96E+08,21343.51
########,17661.35,17833.45,17640.9,17822.3,4.27E+08,23066.8
########,17861.5,17884.6,17613.15,17646,3.96E+08,24504.3
########,17810.55,17857.55,17763.8,17790.35,4.20E+08,27371.98
########,17886.85,17941.85,17840.35,17895.2,3.24E+08,22778.68
########,17867.55,18041.95,17839.1,17945.95,3.76E+08,29000.2
########,17915.8,18008.65,17864.95,17991.95,3.56E+08,26491.42
########,18097.85,18197.8,18050.75,18161.75,5.07E+08,34503
########,18272.85,18350.75,18248.7,18338.55,5.39E+08,38903.16
########,18500.1,18543.15,18445.3,18477.05,4.70E+08,36800.84
########,18602.35,18604.45,18377.7,18418.75,3.68E+08,30505.86
########,18439.9,18458.3,18209.35,18266.6,3.71E+08,28968.42
########,18382.7,18384.2,18048,18178.1,3.66E+08,30839.79
########,18230.7,18314.25,18034.35,18114.9,3.25E+08,26938.88
########,18229.5,18241.4,17968.5,18125.4,4.19E+08,34572.34
########,18154.5,18310.45,18099.3,18268.4,3.41E+08,29764.61
########,18295.85,18342.05,18167.9,18210.95,3.35E+08,30823.75
########,18187.65,18190.7,17799.45,17857.25,3.74E+08,30222.34
########,17833.05,17915.85,17613.1,17671.65,3.36E+08,28136
########,17783.15,17954.1,17697.1,17929.65,2.81E+08,24354.38
########,17970.9,18012.25,17847.6,17888.95,2.96E+08,23371.51
########,17947.95,17988.75,17757.95,17829.2,3.31E+08,26186.85
########,17935.05,17947.55,17900.6,17916.8,48520856,3637.06
########,18040.2,18087.8,17836.1,18068.55,3.39E+08,30908.23
########,18084.35,18112.6,17983.05,18044.25,2.70E+08,23686.09
########,17973.45,18061.25,17915,18017.2,2.61E+08,22281.11
########,17967.45,17971.35,17798.2,17873.6,2.32E+08,20074.78
########,17977.6,18123,17905.9,18102.75,2.49E+08,22164.33
########,18140.95,18210.15,18071.3,18109.45,2.80E+08,19099.6
########,18127.05,18132.65,17958.8,17999.2,2.67E+08,24101.67
########,17939.35,18022.65,17879.25,17898.65,2.96E+08,22950.84
########,17890.55,17945.6,17688.5,17764.8,2.78E+08,22625.36
########,17796.25,17805.25,17280.45,17416.55,3.56E+08,29570.57
########,17281.75,17553.7,17216.1,17503.35,3.09E+08,26240.41
########,17550.05,17600.6,17354,17415.05,2.98E+08,23766.93
########,17417.3,17564.35,17351.7,17536.25,2.56E+08,21953.33
########,17338.75,17355.4,16985.7,17026.45,3.56E+08,28485.53
########,17055.8,17160.7,16782.4,17053.95,3.49E+08,27428.2
########,17051.15,17324.65,16931.4,16983.2,4.98E+08,41494.9
########,17104.4,17213.05,17064.25,17166.9,2.96E+08,24098.73
########,17183.2,17420.35,17149.3,17401.65,2.80E+08,22473.64
########,17424.9,17489.8,17180.8,17196.7,2.93E+08,23100.57
########,17209.05,17216.75,16891.7,16912.25,2.32E+08,17912.15
########,17044.1,17251.65,16987.75,17176.7,2.54E+08,21693.69
########,17315.25,17484.6,17308.95,17469.75,2.58E+08,21665.95
########,17524.4,17543.25,17379.6,17516.85,2.37E+08,18984.75
########,17476.05,17534.35,17405.25,17511.3,2.04E+08,16399.53
########,17619.1,17639.5,17355.95,17368.25,2.57E+08,20592.03
########,17283.2,17376.2,17225.8,17324.9,2.71E+08,20459.79
########,17323.65,17351.2,17192.2,17221.4,2.15E+08,17046.42
########,17373,17379.35,17184.95,17248.4,2.19E+08,18493.54
########,17276,17298.15,16966.45,16985.2,3.55E+08,31326.91
########,16824.25,16840.1,16410.2,16614.2,3.31E+08,25123.59
########,16773.15,16936.4,16688.25,16770.85,2.41E+08,19783.04
########,16865.55,16971,16819.5,16955.45,2.08E+08,17443.94
########,17066.8,17118.65,17015.55,17072.6,1.97E+08,15755.89
########,17149.5,17155.6,16909.6,17003.75,1.83E+08,15435.01
########,16937.75,17112.05,16833.2,17086.25,1.45E+08,12567.03
########,17177.6,17250.25,17161.15,17233.25,1.76E+08,14553.76
########,17220.1,17285.95,17176.65,17213.6,1.62E+08,14320.79
########,17201.45,17264.05,17146.35,17203.95,3.21E+08,21929.19
########,17244.5,17400.8,17238.5,17354.05,1.67E+08,14588.54
3-Jan-22,17387.15,17646.65,17383.3,17625.7,2.00E+08,16181.36
4-Jan-22,17681.4,17827.6,17593.55,17805.25,2.47E+08,18604.16
5-Jan-22,17820.1,17944.7,17748.85,17925.25,2.51E+08,23737.31
6-Jan-22,17768.5,17797.95,17655.55,17745.9,2.36E+08,22643.82
7-Jan-22,17797.6,17905,17704.55,17812.7,2.39E+08,21447.89
10-Jan-22,17913.3,18017.45,17879.15,18003.3,2.32E+08,20853.64
11-Jan-22,17997.75,18081.25,17964.4,18055.75,2.20E+08,20781.46
12-Jan-22,18170.4,18227.95,18128.8,18212.35,2.45E+08,22298.69
13-Jan-22,18257,18272.25,18163.8,18257.8,3.04E+08,28670.93
14-Jan-22,18185,18286.95,18119.65,18255.75,2.29E+08,21024.51
17-Jan-22,18235.65,18321.55,18228.75,18308.1,2.67E+08,23859.38
18-Jan-22,18337.2,18350.95,18085.9,18113.05,2.28E+08,20852.67
19-Jan-22,18129.2,18129.2,17884.9,17938.4,2.77E+08,25310.19
20-Jan-22,17921,17943.7,17648.45,17757,2.58E+08,25863.29
21-Jan-22,17613.7,17707.6,17485.85,17617.15,2.78E+08,25941.64
24-Jan-22,17575.15,17599.4,16997.85,17149.1,3.24E+08,28387.73
25-Jan-22,17001.55,17309.15,16836.8,17277.95,3.27E+08,31344.46
27-Jan-22,17062,17182.5,16866.75,17110.15,3.96E+08,36296.64
28-Jan-22,17208.3,17373.5,17077.1,17101.95,3.55E+08,29799.89
31-Jan-22,17301.05,17410,17264.15,17339.85,3.22E+08,25474.13
########,17529.45,17622.4,17244.55,17576.85,3.86E+08,30033.66
########,17706.2,17794.6,17674.8,17780,2.71E+08,23611.59
########,17767.75,17781.15,17511.15,17560.2,2.27E+08,20373.06
########,17590.2,17617.8,17462.55,17516.3,2.61E+08,20651.85
########,17456.3,17536.75,17119.4,17213.6,2.65E+08,21925.11
########,17279.85,17306.45,17043.65,17266.75,2.69E+08,23846.16
########,17370.1,17477.15,17339,17463.8,2.36E+08,19327.67
########,17554.1,17639.45,17427.15,17605.85,2.74E+08,22210.93
########,17451,17454.75,17303,17374.75,2.53E+08,23230.82
########,17076.15,17099.5,16809.65,16842.8,3.06E+08,24976.16
########,16933.25,17375,16839.25,17352.45,2.99E+08,24765.67
########,17408.45,17490.6,17257.7,17322.2,2.45E+08,21128.38
########,17396.55,17442.9,17235.85,17304.6,2.32E+08,19381.26
########,17236.05,17380.8,17219.2,17276.3,1.90E+08,16126.96
########,17192.25,17351.05,17070.7,17206.65,2.15E+08,18725.57
########,16847.95,17148.55,16843.8,17092.2,3.00E+08,24040.84
########,17194.5,17220.7,17027.85,17063.25,2.00E+08,17662.47
########,16548.9,16705.25,16203.25,16247.95,4.58E+08,36650.83
########,16515.65,16748.8,16478.3,16658.4,3.30E+08,25743.77
########,16481.6,16815.9,16356.3,16793.9,4.04E+08,33831.57
########,16593.1,16678.5,16478.65,16605.95,5.18E+08,39407.44
########,16723.2,16768.95,16442.95,16498.05,4.42E+08,31413
########,16339.45,16456,16133.8,16245.35,4.56E+08,34821.1
########,15867.95,15944.6,15711.45,15863.15,5.85E+08,38038.75
########,15747.75,16028.75,15671.45,16013.45,5.44E+08,38704.4
########,16078,16418.05,15990,16345.35,4.62E+08,35329.34
########,16757.1,16757.3,16447.9,16594.9,4.86E+08,35513.73
########,16528.8,16694.4,16470.9,16630.45,3.44E+08,24720.34
########,16633.7,16887.95,16606.5,16871.3,3.15E+08,23824.02
########,16900.65,16927.75,16555,16663,3.82E+08,29731.09
########,16876.65,16987.9,16837.85,16975.35,2.60E+08,21361.32
########,17202.9,17344.6,17175.75,17287.05,4.48E+08,35367.28
########,17329.5,17353.35,17096.4,17117.6,2.85E+08,22886.39
########,17120.4,17334.4,17006.3,17315.5,3.38E+08,27347.6
########,17405.05,17442.4,17199.6,17245.65,2.92E+08,24705.28
########,17094.95,17291.75,17091.15,17222.75,2.90E+08,25011.72
########,17289,17294.9,17076.55,17153,2.37E+08,20031.39
########,17181.85,17235.1,17003.9,17222,2.53E+08,19976.26
########,17297.2,17343.65,17235.7,17325.3,2.35E+08,20305.78
########,17468.15,17522.5,17387.2,17498.25,5.05E+08,28907.47
########,17519.2,17559.8,17435.2,17464.75,2.81E+08,24032.07
1-Apr-22,17436.9,17703.7,17422.7,17670.45,2.92E+08,21132.13
4-Apr-22,17809.1,18114.65,17791.4,18053.4,3.46E+08,38623.94
5-Apr-22,18080.6,18095.45,17921.55,17957.4,2.83E+08,25096.7
6-Apr-22,17842.75,17901,17779.85,17807.65,3.29E+08,24252.48
7-Apr-22,17723.3,17787.5,17623.7,17639.55,3.09E+08,26236.91
8-Apr-22,17698.15,17842.75,17600.55,17784.35,2.74E+08,25608.1
11-Apr-22,17740.9,17779.05,17650.95,17674.95,2.52E+08,21001.58
12-Apr-22,17584.85,17595.3,17442.35,17530.3,2.66E+08,23958.77
13-Apr-22,17599.9,17663.65,17457.4,17475.65,2.45E+08,20229.83
18-Apr-22,17183.45,17237.75,17067.85,17173.65,3.76E+08,30154.62
19-Apr-22,17258.95,17275.65,16824.7,16958.65,4.01E+08,35467.13
20-Apr-22,17045.25,17186.9,16978.95,17136.55,2.86E+08,25972.15
21-Apr-22,17234.6,17414.7,17215.5,17392.6,2.85E+08,24999.9
22-Apr-22,17242.75,17315.3,17149.2,17171.95,2.63E+08,23371.7
25-Apr-22,17009.05,17054.3,16888.7,16953.95,2.76E+08,22699.65
26-Apr-22,17121.3,17223.85,17064.45,17200.8,2.61E+08,22079.92
27-Apr-22,17073.35,17110.7,16958.45,17038.4,2.65E+08,25373.8
28-Apr-22,17189.5,17322.5,17071.05,17245.05,3.13E+08,28488.87
29-Apr-22,17329.25,17377.65,17053.25,17102.55,3.36E+08,29582.86
########,16924.45,17092.25,16917.25,17069.1,2.78E+08,21222.64
########,17096.6,17132.85,16623.95,16677.6,3.11E+08,27405.52
########,16854.75,16945.7,16651.85,16682.65,2.66E+08,21792.91
########,16415.55,16484.2,16340.9,16411.25,3.01E+08,25472.95
########,16227.7,16403.7,16142.1,16301.85,2.88E+08,23274.74
########,16248.9,16404.55,16197.3,16240.05,2.83E+08,22685.27
########,16270.05,16318.75,15992.6,16167.1,2.84E+08,22994.38
########,16021.1,16041.95,15735.75,15808,3.15E+08,25352.34
########,15977,16083.6,15740.85,15782.15,3.69E+08,27454.12
########,15845.1,15977.95,15739.65,15842.3,2.18E+08,17852.19
########,15912.6,16284.25,15900.8,16259.3,2.96E+08,22782.99
########,16318.15,16399.8,16211.2,16240.3,2.90E+08,23889.84
########,15917.4,15984.75,15775.2,15809.4,3.14E+08,24340.84
########,16043.8,16283.05,16003.85,16266.15,2.52E+08,22806.69
########,16290.95,16414.7,16185.75,16214.7,2.94E+08,25110.85
########,16225.55,16262.8,16078.6,16125.15,2.50E+08,21895.75
########,16196.35,16223.35,16006.95,16025.8,2.43E+08,21400.14
########,16105,16204.45,15903.7,16170.15,3.14E+08,27721.21
########,16296.6,16370.6,16221.95,16352.45,2.74E+08,21341.98
########,16527.9,16695.5,16506.15,16661.4,2.51E+08,21216.5
########,16578.45,16690.75,16521.9,16584.55,6.52E+08,52929.35
1-Jun-22,16594.4,16649.2,16438.85,16522.75,2.50E+08,19350.33
2-Jun-22,16481.65,16646.4,16443.05,16628,2.36E+08,20055.84
3-Jun-22,16761.65,16793.85,16567.9,16584.3,2.46E+08,22249.29
6-Jun-22,16530.7,16610.95,16444.55,16569.55,2.34E+08,17999.41
7-Jun-22,16469.6,16487.25,16347.1,16416.35,2.34E+08,17921.95
8-Jun-22,16474.95,16514.3,16293.35,16356.25,2.43E+08,18336.15
9-Jun-22,16263.85,16492.8,16243.85,16478.1,2.05E+08,16721.68
10-Jun-22,16283.95,16324.7,16172.6,16201.8,1.90E+08,18388.03
13-Jun-22,15877.55,15886.15,15684,15774.4,2.26E+08,20002.64
14-Jun-22,15674.25,15858,15659.45,15732.1,2.25E+08,19825.41
15-Jun-22,15729.25,15783.65,15678.9,15692.15,1.83E+08,16063.24
16-Jun-22,15832.25,15863.15,15335.1,15360.6,2.65E+08,21383.06
17-Jun-22,15272.65,15400.4,15183.4,15293.5,3.43E+08,29074
20-Jun-22,15334.5,15382.5,15191.1,15350.15,2.60E+08,18531.78
21-Jun-22,15455.95,15707.25,15419.85,15638.8,2.63E+08,18934.27
22-Jun-22,15545.65,15565.4,15385.95,15413.3,2.21E+08,16817.07
23-Jun-22,15451.55,15628.45,15367.5,15556.65,2.59E+08,21722.06
24-Jun-22,15657.4,15749.25,15619.45,15699.25,2.20E+08,18259.72
27-Jun-22,15926.2,15927.45,15815.5,15832.05,2.11E+08,17770.42
28-Jun-22,15757.45,15892.1,15710.15,15850.2,2.52E+08,18419.75
29-Jun-22,15701.7,15861.6,15687.8,15799.1,4.45E+08,22528.57
30-Jun-22,15774.5,15890,15728.85,15780.25,3.06E+08,23970.65
1-Jul-22,15703.7,15793.95,15511.05,15752.05,3.64E+08,25891.94
4-Jul-22,15710.5,15852.35,15661.8,15835.35,3.04E+08,19875.22
5-Jul-22,15909.15,16025.75,15785.45,15810.85,2.54E+08,19129.6
6-Jul-22,15818.2,16011.35,15800.9,15989.8,2.88E+08,22836.77
7-Jul-22,16113.75,16150.5,16045.95,16132.9,2.65E+08,21465.33
8-Jul-22,16273.65,16275.5,16157.9,16220.6,2.81E+08,20990.69
11-Jul-22,16136.15,16248.55,16115.5,16216,2.56E+08,20240.69
12-Jul-22,16126.2,16158.75,16031.15,16058.3,2.09E+08,16042.52
13-Jul-22,16128.2,16140,15950.15,15966.65,2.33E+08,19649.66
14-Jul-22,16018.85,16070.85,15858.2,15938.65,2.29E+08,18858.83
15-Jul-22,16010.8,16066.95,15927.3,16049.2,2.06E+08,17031.43
18-Jul-22,16151.4,16287.95,16142.2,16278.5,2.28E+08,19420.93
19-Jul-22,16187.05,16359.5,16187.05,16340.55,2.23E+08,18068.59
20-Jul-22,16562.8,16588,16490.95,16520.85,2.84E+08,22061.81
21-Jul-22,16523.55,16626.95,16483.9,16605.25,2.44E+08,20603.17
22-Jul-22,16661.25,16752.25,16610.9,16719.45,1.91E+08,18600.11
25-Jul-22,16662.55,16706.05,16564.25,16631,2.11E+08,19384.43
26-Jul-22,16632.9,16636.1,16463.3,16483.85,2.08E+08,20087.54
27-Jul-22,16475.35,16653.45,16438.75,16641.8,1.85E+08,17608.03
28-Jul-22,16774.85,16947.65,16746.25,16929.6,3.76E+08,26674.28
29-Jul-22,17079.5,17172.8,17018.15,17158.25,4.36E+08,28241.29
########,17243.2,17356.25,17154.8,17340.05,3.82E+08,23221.04
########,17310.15,17390.15,17215.85,17345.45,3.34E+08,22576.94
########,17349.25,17407.5,17225.85,17388.15,2.85E+08,20842.13
########,17463.1,17490.7,17161.25,17382,3.25E+08,21848.21
########,17423.65,17474.4,17348.75,17397.5,3.55E+08,20013.14
########,17401.5,17548.8,17359.75,17525.1,2.57E+08,18475.21
########,17566.1,17566.1,17442.8,17534.75,3.13E+08,21952.35
########,17711.65,17719.3,17631.95,17659,3.11E+08,20476.53
########,17659.65,17724.65,17597.85,17698.15,3.04E+08,18422.47
########,17797.2,17839.1,17764.05,17825.25,2.78E+08,18495.27
########,17868.15,17965.95,17833.35,17944.25,2.63E+08,21209.54
########,17898.65,17968.45,17852.05,17956.5,2.64E+08,18441.68
########,17966.55,17992.2,17710.75,17758.45,2.96E+08,21531.99
########,17682.9,17690.05,17467.35,17490.7,2.88E+08,19605.44
########,17357.35,17625.55,17345.2,17577.5,2.86E+08,20365.8
########,17525.45,17623.65,17499.25,17604.95,2.62E+08,17819.88
########,17679,17726.5,17487.45,17522.45,2.30E+08,17566.7
########,17619.3,17685.85,17519.35,17558.9,2.67E+08,17500.8
########,17188.65,17380.15,17166.2,17312.9,2.45E+08,19351.5
########,17414.95,17777.65,17401.5,17759.3,3.25E+08,26284.26
########,17485.7,17695.6,17468.45,17542.8,3.09E+08,26813.95
########,17598.4,17643.85,17476.45,17539.45,2.56E+08,19548.88
########,17546.45,17683.15,17540.35,17665.8,2.30E+08,17011.26
########,17695.7,17764.65,17587.65,17655.6,2.51E+08,17521.09
########,17519.4,17650.75,17484.3,17624.4,3.54E+08,25419.5
########,17748.15,17807.65,17691.95,17798.75,2.80E+08,19925.25
########,17923.35,17925.95,17786,17833.35,2.70E+08,20564.06
########,17890.85,17980.55,17889.15,17936.35,2.28E+08,17648.17
########,18044.45,18088.3,18015.45,18070.05,2.60E+08,21039.08
########,17771.15,18091.55,17771.15,18003.75,3.66E+08,26611.96
########,18046.35,18096.15,17861.5,17877.4,2.90E+08,22007.78
########,17796.8,17820.05,17497.25,17530.85,4.68E+08,36013.89
########,17540.65,17667.2,17429.7,17622.25,2.58E+08,19548.99
########,17770.4,17919.3,17744.4,17816.25,2.63E+08,20456.69
########,17766.35,17838.7,17663.6,17718.35,2.46E+08,19816.78
########,17609.65,17722.75,17532.45,17629.8,2.84E+08,21303.96
########,17593.85,17642.15,17291.65,17327.35,3.91E+08,23750.53
########,17156.3,17196.4,16978.3,17016.3,4.92E+08,27533.01
########,17110.9,17176.45,16942.35,17007.4,3.60E+08,22712.8
########,16870.55,17037.6,16820.4,16858.6,3.24E+08,21400.93
########,16993.6,17026.05,16788.6,16818.1,3.40E+08,24758.63
########,16798.05,17187.1,16747.7,17094.35,3.80E+08,26205.63
########,17102.1,17114.65,16855.55,16887.35,2.86E+08,21860.54
########,17147.45,17287.3,17117.3,17274.3,2.32E+08,18480.43
########,17379.25,17428.8,17315.65,17331.8,2.68E+08,20404.46
########,17287.2,17337.35,17216.95,17314.65,2.16E+08,17043.26
########,17094.35,17280.15,17064.7,17241,2.34E+08,16220.67
########,17256.05,17261.8,16950.3,16983.55,2.83E+08,22178.37
########,17025.55,17142.35,16960.05,17123.6,2.56E+08,18098.41
########,17087.35,17112.35,16956.95,17014.35,2.66E+08,18189.64
########,17322.3,17348.55,17169.75,17185.7,2.27E+08,17813.47
########,17144.8,17328.55,17098.55,17311.8,2.12E+08,16887.83
########,17438.75,17527.8,17434.05,17486.95,2.39E+08,18224.95
########,17568.15,17607.6,17472.85,17512.25,2.10E+08,17200.79
########,17423.1,17584.15,17421,17563.95,2.50E+08,18345.6
########,17622.85,17670.15,17520.75,17576.3,2.78E+08,23547.38
########,17736.35,17777.55,17707.4,17730.75,45029477,3772.49
########,17808.3,17811.5,17637,17656.35,2.51E+08,20338.32
########,17771.4,17783.9,17654.5,17736.95,3.25E+08,24166.3
########,17756.4,17838.9,17723.7,17786.8,2.50E+08,19099.59
########,17910.2,18022.8,17899.9,18012.2,2.27E+08,19846.47
########,18130.7,18175.8,18060.15,18145.4,3.50E+08,26796.59
########,18177.9,18178.75,18048.65,18082.85,2.71E+08,20072.62
########,17968.35,18106.3,17959.2,18052.7,2.13E+08,16037.78
########,18053.4,18135.1,18017.15,18117.15,2.68E+08,21062.54
########,18211.75,18255.5,18064.75,18202.8,3.15E+08,25124.84
########,18288.25,18296.4,18117.5,18157,3.07E+08,23344.58
########,18044.35,18103.1,17969.4,18028.2,2.56E+08,19848.06
########,18272.35,18362.3,18259.35,18349.7,3.78E+08,30732.11
########,18376.4,18399.45,18311.4,18329.15,3.01E+08,21697.66
########,18362.75,18427.95,18282,18403.4,2.51E+08,17836.19
########,18398.25,18442.15,18344.15,18409.65,2.19E+08,19732.87
########,18358.7,18417.6,18312.95,18343.9,2.01E+08,16410.36
########,18382.95,18394.6,18209.8,18307.65,1.99E+08,16553.69
########,18246.4,18262.3,18133.35,18159.95,2.14E+08,15037.5
########,18179.15,18261.85,18137.7,18244.2,1.78E+08,14750.98
########,18325.2,18325.4,18246,18267.25,1.79E+08,15674.45
########,18326.1,18529.7,18294.25,18484.1,2.04E+08,18218.35
########,18528.45,18534.9,18445.1,18512.75,2.06E+08,17112.8
########,18430.55,18614.25,18365.6,18562.75,2.06E+08,19006.92
########,18552.45,18678.1,18552.15,18618.05,1.95E+08,16568.17
########,18625.7,18816.05,18616.55,18758.35,3.46E+08,32757.21
########,18871.95,18887.6,18778.2,18812.5,3.25E+08,22216.65
########,18752.4,18781.95,18639.2,18696.1,2.54E+08,20233.76
########,18719.55,18728.6,18591.35,18701.05,2.88E+08,19471.83
########,18600.65,18654.9,18577.9,18642.75,2.18E+08,17772.27
########,18638.85,18668.3,18528.4,18560.5,2.01E+08,17496.8
########,18570.85,18625,18536.95,18609.35,2.03E+08,19277.65
########,18662.4,18664.7,18410.1,18496.6,2.16E+08,20317.78
########,18402.15,18521.55,18345.7,18497.15,1.94E+08,16688.2
########,18524.4,18617.25,18490.2,18608,1.88E+08,16536.17
########,18671.25,18696.1,18632.9,18660.3,2.08E+08,16626
########,18614.4,18652.9,18387.7,18414.9,1.83E+08,15618.55
########,18319.1,18440.95,18255.15,18269,2.78E+08,23292.95
########,18288.1,18431.65,18244.55,18420.45,1.55E+08,14455.23
########,18340.3,18404.9,18202.65,18385.3,1.69E+08,15038.56
########,18435.15,18473.35,18162.75,18199.1,1.88E+08,17223.44
########,18288.8,18318.75,18068.6,18127.35,1.96E+08,16725.23
########,17977.65,18050.45,17779.5,17806.8,2.21E+08,18486.94
########,17830.4,18084.1,17774.25,18014.6,1.77E+08,13708.21
########,18089.8,18149.25,17967.45,18132.3,2.14E+08,13000.64
########,18084.75,18173.1,18068.35,18122.5,1.94E+08,13997.59
########,18045.7,18229.7,17992.8,18191,2.81E+08,18466.05
########,18259.1,18265.25,18080.3,18105.3,1.92E+08,14475.22
2-Jan-23,18131.7,18215.15,18086.5,18197.45,2.56E+08,11793.06
3-Jan-23,18163.2,18251.95,18149.8,18232.55,2.09E+08,13680.91
4-Jan-23,18230.65,18243,18020.6,18042.95,2.35E+08,16687.71
5-Jan-23,18101.95,18120.3,17892.6,17992.15,2.70E+08,22108.53
6-Jan-23,18008.05,18047.4,17795.55,17859.45,2.38E+08,17495.25
9-Jan-23,17952.55,18141.4,17936.15,18101.2,2.57E+08,19916.16
10-Jan-23,18121.3,18127.6,17856,17914.15,2.83E+08,20570.3
11-Jan-23,17924.25,17976.35,17824.35,17895.7,2.60E+08,20204.33
12-Jan-23,17920.85,17945.8,17761.65,17858.2,2.28E+08,19762.43
13-Jan-23,17867.5,17999.35,17774.25,17956.6,2.57E+08,21341.7
16-Jan-23,18033.15,18049.65,17853.65,17894.85,2.06E+08,16728.37
17-Jan-23,17922.8,18072.05,17886.95,18053.3,2.19E+08,17461.09
18-Jan-23,18074.3,18183.75,18032.45,18165.35,2.56E+08,20500.07
19-Jan-23,18119.8,18155.2,18063.75,18107.85,2.38E+08,18413.13
20-Jan-23,18115.6,18145.45,18016.2,18027.65,2.37E+08,19519.96
23-Jan-23,18118.45,18162.6,18063.45,18118.55,2.02E+08,17060.12
24-Jan-23,18183.95,18201.25,18078.65,18118.3,2.17E+08,19705.91
25-Jan-23,18093.35,18100.6,17846.15,17891.95,2.57E+08,20890.56
27-Jan-23,17877.2,17884.75,17493.55,17604.35,4.76E+08,40104.83
30-Jan-23,17541.95,17709.15,17405.55,17648.95,4.32E+08,38159.88
31-Jan-23,17731.45,17735.7,17537.55,17662.15,3.98E+08,35023.7
########,17811.6,17972.2,17353.4,17616.3,5.13E+08,38486.19
########,17517.1,17653.9,17445.95,17610.4,4.90E+08,37639.96
########,17721.75,17870.3,17584.2,17854.05,4.24E+08,34503.67
########,17818.55,17823.7,17698.35,17764.6,2.83E+08,21864.88
########,17790.1,17811.15,17652.55,17721.5,3.54E+08,23611.08
########,17750.3,17898.7,17744.15,17871.7,2.91E+08,23733.4
########,17885.5,17916.9,17779.8,17893.45,2.61E+08,21529.97
########,17847.55,17876.95,17801,17856.5,2.32E+08,17063.99
########,17859.1,17880.7,17719.75,17770.9,2.31E+08,17406.31
########,17840.35,17954.55,17800.05,17929.85,2.45E+08,20579.8
########,17896.6,18034.1,17853.8,18015.85,2.29E+08,21457.34
########,18094.75,18134.75,18000.65,18035.85,2.30E+08,18891.55
########,17974.85,18034.25,17884.6,17944.2,2.08E+08,16998.33
########,17965.55,18004.35,17818.4,17844.6,1.75E+08,14729.07
########,17905.8,17924.9,17800.3,17826.7,1.98E+08,15593.09
########,17755.35,17772.5,17529.45,17554.3,2.04E+08,17162.09
########,17574.65,17620.05,17455.4,17511.25,2.41E+08,19313.68
########,17591.35,17599.75,17421.8,17465.8,2.09E+08,16100.18
########,17428.6,17451.6,17299,17392.7,2.46E+08,16638.41
########,17383.25,17440.45,17255.2,17303.95,4.21E+08,32959.77
########,17360.1,17467.75,17345.25,17450.9,2.73E+08,19784.53
########,17421.5,17445.8,17306,17321.9,3.11E+08,22068.68
########,17451.25,17644.75,17427.7,17594.35,3.56E+08,24143.96
########,17680.35,17799.95,17671.95,17711.45,3.63E+08,26959.41
########,17665.75,17766.5,17602.25,17754.4,2.67E+08,23155.56
########,17772.05,17772.35,17573.6,17589.6,2.62E+08,21964.17
########,17443.8,17451.5,17324.35,17412.9,2.36E+08,19794.73
########,17421.9,17529.9,17113.45,17154.3,2.55E+08,22860.67
########,17160.55,17224.65,16987.1,17043.3,2.91E+08,26057.6
########,17166.45,17211.35,16938.9,16972.15,2.48E+08,22659.09
########,16994.65,17062.45,16850.15,16985.6,3.50E+08,24198.71
########,17111.8,17145.8,16958.15,17100.05,4.08E+08,30478.42
########,17066.6,17066.6,16828.35,16988.4,2.42E+08,21454.09
########,17060.4,17127.7,17016,17107.5,2.47E+08,22039.11
########,17177.45,17207.25,17107.85,17151.9,1.86E+08,15712
########,17097.4,17205.4,17045.3,17076.9,2.19E+08,19676.97
########,17076.2,17109.45,16917.35,16945.05,2.28E+08,19019.88
########,16984.3,17091,16918.55,16985.7,2.18E+08,18466.56
########,17031.75,17061.75,16913.75,16951.7,2.39E+08,20942.5
########,16977.3,17126.15,16940.6,17080.7,3.46E+08,27261.74
########,17210.35,17381.6,17204.65,17359.75,2.64E+08,24970.98
3-Apr-23,17427.95,17428.05,17312.75,17398.05,2.30E+08,20359.58
5-Apr-23,17422.3,17570.55,17402.7,17557.05,2.48E+08,23911.75
6-Apr-23,17533.85,17638.7,17502.85,17599.15,2.43E+08,23543.21
10-Apr-23,17634.9,17694.1,17597.95,17624.05,2.55E+08,21092.06
11-Apr-23,17704.8,17748.75,17655.15,17722.3,3.04E+08,25841.64
12-Apr-23,17759.55,17825.75,17717.25,17812.4,2.33E+08,22851.93
13-Apr-23,17807.3,17842.15,17729.65,17828,2.86E+08,26460.2
17-Apr-23,17863,17863,17574.05,17706.85,3.57E+08,35118.57
18-Apr-23,17766.6,17766.6,17610.2,17660.15,2.59E+08,23032.99
19-Apr-23,17653.35,17666.15,17579.85,17618.75,2.81E+08,21562.08
20-Apr-23,17638.6,17684.45,17584.35,17624.45,2.15E+08,19457.45
21-Apr-23,17639.75,17663.2,17553.95,17624.05,2.30E+08,19091.44
24-Apr-23,17707.55,17754.5,17612.5,17743.4,2.56E+08,23142.94
25-Apr-23,17761.55,17807.45,17716.85,17769.25,2.97E+08,28819.53
26-Apr-23,17767.3,17827.75,17711.2,17813.6,2.33E+08,21295.14
27-Apr-23,17813.1,17931.6,17797.9,17915.05,2.41E+08,24454.15
28-Apr-23,17950.4,18089.15,17885.3,18065,2.90E+08,27026.12
########,18124.8,18180.25,18101.75,18147.65,2.65E+08,23615.47
########,18113.8,18116.35,18042.4,18089.85,2.26E+08,19079.79
########,18081,18267.45,18066.7,18255.8,2.27E+08,21889.48
########,18117.3,18216.95,18055.45,18069,2.40E+08,26152.88
########,18120.6,18286.95,18100.3,18264.4,2.28E+08,22687.94
########,18303.4,18344.2,18229.65,18265.95,2.45E+08,23478.06
########,18313.6,18326.75,18211.95,18315.1,2.20E+08,21416.41
########,18357.8,18389.7,18270.4,18297,2.49E+08,26440.1
########,18273.75,18342.75,18194.55,18314.8,2.42E+08,22046.04
########,18339.3,18458.9,18287.9,18398.85,2.16E+08,19329.75
########,18432.35,18432.35,18264.35,18286.5,2.19E+08,21063.78
########,18300.45,18309,18115.35,18181.75,2.30E+08,20903.12
########,18287.5,18297.2,18104.85,18129.95,2.72E+08,24172.44
########,18186.15,18218.1,18060.4,18203.4,2.61E+08,22105.67
########,18201.1,18335.25,18178.85,18314.4,2.63E+08,25147.58
########,18362.9,18419.75,18324.2,18348,2.70E+08,28648.15
########,18294.8,18392.6,18262.95,18285.4,2.33E+08,24273.17
########,18268.9,18338.1,18202.4,18321.15,2.36E+08,22411.41
########,18368.35,18508.55,18333.15,18499.35,1.99E+08,19094.08
########,18619.15,18641.2,18581.25,18598.65,2.65E+08,19237.57
########,18606.65,18662.45,18575.5,18633.85,2.34E+08,21660.69
########,18594.2,18603.9,18483.85,18534.4,6.96E+08,70755.08
1-Jun-23,18579.4,18580.3,18464.55,18487.75,2.66E+08,24056.99
2-Jun-23,18550.85,18573.7,18478.4,18534.1,2.71E+08,23171.88
5-Jun-23,18612,18640.15,18582.8,18593.85,2.56E+08,20369.16
6-Jun-23,18600.8,18622.75,18531.6,18599,2.21E+08,21957.47
7-Jun-23,18665.6,18738.95,18636,18726.4,2.60E+08,21482.77
8-Jun-23,18725.35,18777.9,18615.6,18634.55,2.86E+08,22762.3
9-Jun-23,18655.9,18676.65,18555.4,18563.4,2.22E+08,20181.42
12-Jun-23,18595.05,18633.6,18559.75,18601.5,1.79E+08,15386.04
13-Jun-23,18631.8,18728.9,18631.8,18716.15,2.33E+08,22612.62
14-Jun-23,18744.6,18769.7,18690,18755.9,2.61E+08,19520.08
15-Jun-23,18774.45,18794.1,18669.05,18688.1,2.63E+08,24820.77
16-Jun-23,18723.3,18864.7,18710.5,18826,2.73E+08,28877.67
19-Jun-23,18873.3,18881.45,18719.15,18755.45,2.20E+08,22699.84
20-Jun-23,18752.35,18839.7,18660.65,18816.7,2.12E+08,19687.08
21-Jun-23,18849.4,18875.9,18794.85,18856.85,2.17E+08,19102.48
22-Jun-23,18853.6,18886.6,18759.5,18771.25,2.53E+08,24990.87
23-Jun-23,18741.85,18756.4,18647.1,18665.5,2.11E+08,20619.6
26-Jun-23,18682.35,18722.05,18646.7,18691.2,1.71E+08,17355.14
27-Jun-23,18748.55,18829.25,18714.25,18817.4,2.22E+08,21415.89
28-Jun-23,18908.15,19011.25,18861.35,18972.1,3.99E+08,37356.94
30-Jun-23,19076.85,19201.7,19024.6,19189.05,2.48E+08,26376.62
3-Jul-23,19246.5,19345.1,19234.4,19322.55,2.26E+08,22681.54
4-Jul-23,19406.6,19434.15,19300,19389,2.27E+08,26634.06
5-Jul-23,19405.95,19421.6,19339.6,19398.5,2.24E+08,24699.24
6-Jul-23,19385.7,19512.2,19373,19497.3,2.68E+08,28540.18
7-Jul-23,19422.8,19523.6,19303.6,19331.8,2.37E+08,23089.25
10-Jul-23,19400.35,19435.85,19327.1,19355.9,2.68E+08,25991.55
11-Jul-23,19427.1,19515.1,19406.45,19439.4,2.51E+08,26883.78
12-Jul-23,19497.45,19507.7,19361.75,19384.3,3.28E+08,40163.14
13-Jul-23,19495.2,19567,19385.8,19413.75,3.10E+08,27244.56
14-Jul-23,19493.45,19595.35,19433.5,19564.5,2.91E+08,25484.44
17-Jul-23,19612.15,19731.85,19562.95,19711.45,2.69E+08,25975.57
18-Jul-23,19787.5,19819.45,19690.2,19749.25,2.86E+08,33269.08
19-Jul-23,19802.95,19851.7,19727.45,19833.15,2.60E+08,26447.9
20-Jul-23,19831.7,19991.85,19758.4,19979.15,2.75E+08,30622.66
21-Jul-23,19800.45,19887.4,19700,19745,3.12E+08,33802.14
24-Jul-23,19748.45,19782.75,19658.3,19672.35,2.66E+08,24522.29
25-Jul-23,19729.35,19729.35,19615.95,19680.6,3.70E+08,29665.67
26-Jul-23,19733.35,19825.6,19716.7,19778.3,2.45E+08,23023.86
27-Jul-23,19850.9,19867.55,19603.55,19659.9,3.35E+08,35019.13
28-Jul-23,19659.75,19695.9,19563.1,19646.05,2.59E+08,22995.98
31-Jul-23,19666.35,19772.75,19597.6,19753.8,2.95E+08,23075.38
########,19784,19795.6,19704.6,19733.55,2.98E+08,24554.71
########,19655.4,19678.25,19423.55,19526.55,2.91E+08,23997.47
########,19463.75,19537.65,19296.45,19381.65,3.16E+08,29899.38
########,19462.8,19538.85,19436.45,19517,2.81E+08,28086.15
########,19576.85,19620.45,19524.8,19597.3,2.17E+08,21655.87
########,19627.2,19634.4,19533.1,19570.85,2.60E+08,25437.47
########,19578.8,19645.5,19467.5,19632.55,2.66E+08,23201.75
########,19605.55,19623.6,19495.4,19543.1,3.12E+08,29430.34
########,19554.25,19557.75,19412.75,19428.3,2.36E+08,24521.24
########,19383.95,19465.85,19257.9,19434.55,2.44E+08,22767.43
########,19369,19482.75,19317.2,19465,2.27E+08,21484.66
########,19450.55,19461.55,19326.25,19365.25,2.69E+08,26505.65
########,19301.75,19373.8,19253.6,19310.15,2.56E+08,25641.41
########,19320.65,19425.95,19296.3,19393.6,2.63E+08,20738.75
########,19417.1,19443.5,19381.3,19396.45,2.09E+08,20226.48
########,19439.2,19472.05,19366.6,19444,2.25E+08,20167.16
########,19535.15,19584.45,19369,19386.7,2.68E+08,24338.24
########,19297.4,19339.55,19229.7,19265.8,4.67E+08,24998.12
########,19298.35,19366.85,19249.7,19306.05,2.48E+08,18237.22
########,19374.85,19377.9,19309.1,19342.65,3.07E+08,22501.12
########,19433.45,19452.8,19334.75,19347.45,2.33E+08,19877.49
########,19375.55,19388.2,19223.65,19253.8,5.63E+08,45699.54
########,19258.15,19458.55,19255.7,19435.3,3.73E+08,25962.38
########,19525.05,19545.15,19432.85,19528.8,3.96E+08,24822.79
########,19564.65,19587.05,19525.75,19574.9,3.04E+08,24029.89
########,19581.2,19636.45,19491.5,19611.05,5.13E+08,32500.52
########,19598.65,19737,19550.05,19727.05,3.05E+08,23591
########,19774.8,19867.15,19728.05,19819.95,2.88E+08,23530.84
########,19890,20008.15,19865.35,19996.35,2.49E+08,21924.34
########,20110.15,20110.35,19914.65,19993.2,3.28E+08,30110.8
########,19989.5,20096.9,19944.1,20070,2.51E+08,24332.36
########,20127.95,20167.65,20043.45,20103.1,2.75E+08,21902.65
########,20156.45,20222.45,20129.7,20192.35,4.38E+08,42681.35
########,20155.95,20195.35,20115.7,20133.3,2.65E+08,21135.95
########,19980.75,20050.65,19878.85,19901.4,3.78E+08,37351.58
########,19840.55,19848.75,19709.95,19742.35,2.75E+08,26711.83
########,19744.85,19798.65,19657.5,19674.25,2.46E+08,24137.57
########,19678.2,19734.15,19601.55,19674.55,1.88E+08,20194.48
########,19682.8,19699.35,19637.45,19664.7,2.05E+08,18118.19
########,19637.05,19730.7,19554,19716.45,2.04E+08,19659.17
########,19761.8,19766.65,19492.1,19523.55,3.53E+08,30069.78
########,19581.2,19726.25,19551.05,19638.3,2.44E+08,20978.72
########,19622.4,19623.2,19479.65,19528.75,2.22E+08,21459.58
########,19446.3,19457.8,19333.6,19436.1,2.77E+08,26017.47
########,19521.85,19576.95,19487.3,19545.75,2.35E+08,22019.04
########,19621.2,19675.75,19589.4,19653.5,1.59E+08,16096.52
########,19539.45,19588.95,19480.5,19512.35,1.65E+08,15499.67
########,19565.6,19717.8,19565.45,19689.85,2.17E+08,18735.62
########,19767,19839.2,19756.95,19811.35,2.14E+08,19900.99
########,19822.7,19843.3,19772.65,19794,2.18E+08,20999.94
########,19654.55,19805.4,19635.3,19751.05,2.55E+08,24363.02
########,19737.25,19781.3,19691.85,19731.75,1.81E+08,14746.01
########,19843.2,19849.75,19775.65,19811.5,1.86E+08,16839.87
########,19820.45,19840.95,19659.95,19671.1,1.99E+08,18581.64
########,19545.2,19681.8,19512.35,19624.7,2.30E+08,23582.01
########,19542.15,19593.8,19518.7,19542.65,1.98E+08,17944.31
########,19521.6,19556.85,19257.85,19281.75,1.76E+08,16212.9
########,19286.45,19347.3,19074.15,19122.15,2.25E+08,19818.32
########,19027.25,19041.7,18837.85,18857.25,3.00E+08,28939.64
########,18928.75,19076.15,18926.65,19047.25,2.05E+08,19947.48
########,19053.4,19158.5,18940,19140.9,1.80E+08,17095.73
########,19232.95,19233.7,19056.45,19079.6,2.06E+08,19397.36
########,19064.05,19096.05,18973.7,18989.15,1.94E+08,18452.51
########,19120,19175.25,19064.15,19133.25,2.46E+08,19771.49
########,19241,19276.25,19210.9,19230.6,1.90E+08,17304.87
########,19345.85,19423,19309.7,19411.75,1.81E+08,16296.56
########,19404.05,19423.5,19329.1,19406.7,1.99E+08,18288.06
########,19449.6,19464.4,19401.5,19443.5,1.95E+08,17060.45
########,19457.4,19463.9,19378.35,19395.3,2.08E+08,19087.29
########,19351.85,19451.3,19329.45,19425.35,1.52E+08,12916.21
########,19547.25,19547.25,19510.25,19525.55,37311902,2482.27
########,19486.75,19494.4,19414.75,19443.55,1.89E+08,13527.22
########,19651.4,19693.2,19579.65,19675.45,2.91E+08,24957.24
########,19674.7,19875.25,19627,19765.2,2.83E+08,26041.45
########,19674.75,19806,19667.45,19731.8,2.37E+08,21681.28
########,19731.15,19756.45,19670.5,19694,1.74E+08,16737.05
########,19770.9,19829.1,19754.05,19783.4,1.95E+08,17947.2
########,19784,19825.55,19703.85,19811.85,1.84E+08,17405.48
########,19828.45,19875.15,19786.75,19802,1.70E+08,15906.94
########,19809.6,19832.85,19768.85,19794.7,1.46E+08,14389.29
########,19844.65,19916.85,19800,19889.7,2.30E+08,23043.25
########,19976.55,20104.65,19956.3,20096.6,2.36E+08,22367.64
########,20108.5,20158.7,20015.85,20133.15,4.87E+08,48877.95
########,20194.1,20291.55,20183.7,20267.9,2.66E+08,22461.53
########,20601.95,20702.65,20507.75,20686.8,3.81E+08,33917.52
########,20808.9,20864.05,20711.15,20855.1,4.21E+08,41763.52
########,20950.75,20961.95,20852.15,20937.7,3.59E+08,35654.76
########,20932.4,20941.25,20850.8,20901.15,2.75E+08,24862.43
########,20934.1,21006.1,20862.7,20969.4,2.92E+08,27449.96
########,20965.3,21026.1,20923.7,20997.1,2.13E+08,21150.17
########,21018.55,21037.9,20867.15,20906.4,2.45E+08,25404.64
########,20929.75,20950,20769.5,20926.35,2.60E+08,25918.44
########,21110.4,21210.9,21074.45,21182.7,3.34E+08,32593.42
########,21287.45,21492.3,21235.3,21456.65,5.09E+08,50114.46
########,21434.8,21482.8,21365.35,21418.65,2.50E+08,23615.28
########,21477.65,21505.05,21337.75,21453.1,2.50E+08,23750.61
########,21543.5,21593,21087.35,21150.15,3.64E+08,30993.12
########,21033.95,21288.35,20976.8,21255.05,2.78E+08,26001.02
########,21295.85,21390.5,21232.45,21349.4,2.85E+08,27709.29
########,21365.2,21477.15,21329.45,21441.35,2.19E+08,20081.33
########,21497.65,21675.75,21495.8,21654.75,2.57E+08,23059.25
########,21715,21801.45,21678,21778.7,3.93E+08,35031
########,21737.65,21770.3,21676.9,21731.4,2.71E+08,23697.88
1-Jan-24,21727.75,21834.35,21680.85,21741.9,1.54E+08,14184.09
2-Jan-24,21751.35,21755.6,21555.65,21665.8,2.64E+08,25316.13
3-Jan-24,21661.1,21677,21500.35,21517.35,3.12E+08,32329.23
4-Jan-24,21605.8,21685.65,21564.55,21658.6,3.39E+08,30868.15
5-Jan-24,21705.75,21749.6,21629.2,21710.8,3.09E+08,26554.49
8-Jan-24,21747.6,21763.95,21492.9,21513,2.31E+08,21140.94
9-Jan-24,21653.6,21724.45,21517.85,21544.85,2.29E+08,24055.74
10-Jan-24,21529.3,21641.85,21448.65,21618.7,2.17E+08,20958.96
11-Jan-24,21688,21726.5,21593.75,21647.2,2.12E+08,23492.12
12-Jan-24,21773.55,21928.25,21715.15,21894.55,2.95E+08,30565.5
15-Jan-24,22053.15,22115.55,21963.55,22097.45,3.46E+08,29523.15
16-Jan-24,22080.5,22124.15,21969.8,22032.3,2.92E+08,24435.94
17-Jan-24,21647.25,21851.5,21550.45,21571.95,4.56E+08,47533.44
18-Jan-24,21414.2,21539.4,21285.55,21462.25,3.87E+08,39718.84
19-Jan-24,21615.2,21670.6,21575,21622.4,3.43E+08,34429.24
20-Jan-24,21706.15,21720.3,21541.8,21571.8,1.62E+08,13917.46
23-Jan-24,21716.7,21750.25,21192.6,21238.8,4.50E+08,48813.68
24-Jan-24,21185.25,21482.35,21137.2,21453.95,4.07E+08,41718.64
25-Jan-24,21454.6,21459,21247.05,21352.6,4.18E+08,40088.5
29-Jan-24,21433.1,21763.25,21429.6,21737.6,3.77E+08,34516.42
30-Jan-24,21775.75,21813.05,21501.8,21522.1,3.75E+08,32916.3
31-Jan-24,21487.25,21741.35,21448.85,21725.7,4.11E+08,41587.85
########,21780.65,21832.95,21658.75,21697.45,3.33E+08,34042.15
########,21812.75,22126.8,21805.55,21853.8,4.43E+08,38395.9
########,21921.05,21964.3,21726.95,21771.7,4.41E+08,33807.94
########,21825.2,21951.4,21737.55,21929.4,3.71E+08,32910.82
########,22045.05,22053.3,21860.15,21930.5,3.46E+08,30088.76
########,22009.65,22011.05,21665.3,21717.95,4.91E+08,41082.02
########,21727,21804.45,21629.9,21782.5,3.49E+08,31176.16
########,21800.8,21831.7,21574.75,21616.05,2.87E+08,23921.14
########,21664.3,21766.8,21543.35,21743.25,3.66E+08,29896.62
########,21578.15,21870.85,21530.2,21840.05,3.59E+08,32535
########,21906.55,21953.85,21794.8,21910.75,3.45E+08,29559.69
########,22020.3,22068.65,21968.95,22040.7,3.44E+08,30666.89
########,22103.45,22186.65,22021.05,22122.25,2.18E+08,21375.71
########,22099.2,22215.6,22045.85,22196.95,2.96E+08,26872.32
########,22248.85,22249.4,21997.95,22055.05,3.65E+08,29741.39
########,22081.55,22252.5,21875.25,22217.45,3.43E+08,33985.94
########,22290,22297.5,22186.1,22212.7,2.26E+08,24617.01
########,22169.2,22202.15,22075.15,22122.05,2.08E+08,20850.26
########,22090.2,22218.25,22085.65,22198.35,2.52E+08,24620.71
########,22214.1,22229.15,21915.85,21951.15,2.03E+08,20579.8
########,21935.2,22060.55,21860.65,21982.8,3.60E+08,40196.12
########,22048.3,22353.3,22047.75,22338.75,3.52E+08,29646.47
########,22406.95,22419.55,22367.05,22378.4,35763814,1918.77
########,22403.5,22440.9,22358.3,22405.6,2.99E+08,23771.71
########,22371.25,22416.9,22269.15,22356.3,2.96E+08,29165.37
########,22327.5,22497.2,22224.35,22474.05,3.12E+08,31029.01
########,22505.3,22525.65,22430,22493.55,3.80E+08,33558.46
########,22517.5,22526.6,22307.25,22332.65,2.78E+08,27222.37
########,22334.45,22452.55,22256,22335.7,2.99E+08,29781.12
########,22432.2,22446.75,21905.65,21997.7,4.93E+08,40109.23
########,21982.55,22204.6,21917.5,22146.65,4.27E+08,37348.3
########,22064.85,22120.9,21931.7,22023.35,6.61E+08,60260.88
########,21990.1,22123.7,21916.55,22055.7,3.56E+08,23015.51
########,21946.45,21978.3,21793.1,21817.45,3.44E+08,30291.6
########,21843.9,21930.9,21710.2,21839.1,3.12E+08,28939.85
########,21989.9,22080.95,21941.3,22011.95,3.53E+08,31258.4
########,21932.2,22180.7,21883.3,22096.75,3.89E+08,39023.19
########,21947.9,22073.2,21947.55,22004.7,3.28E+08,33382.08
########,22053.95,22193.6,22052.85,22123.65,4.09E+08,38830.73
########,22163.6,22516,22163.6,22326.9,4.07E+08,45656.57
1-Apr-24,22455,22529.95,22427.75,22462,2.44E+08,21420.69
2-Apr-24,22458.8,22497.6,22388.15,22453.3,2.90E+08,27940.93
3-Apr-24,22385.7,22521.1,22346.5,22434.65,3.10E+08,30793.28
4-Apr-24,22592.1,22619,22303.8,22514.65,4.01E+08,40705.56
5-Apr-24,22486.4,22537.6,22427.6,22513.7,2.42E+08,24797.82
8-Apr-24,22578.35,22697.3,22550.35,22666.3,2.28E+08,22480.2
9-Apr-24,22765.1,22768.4,22612.25,22642.75,2.32E+08,21651.69
10-Apr-24,22720.25,22775.7,22673.7,22753.8,2.77E+08,25355.05
12-Apr-24,22677.4,22726.45,22503.75,22519.4,3.57E+08,36456.91
15-Apr-24,22339.05,22427.45,22259.55,22272.5,3.55E+08,29474.59
16-Apr-24,22125.3,22213.75,22079.45,22147.9,3.17E+08,28661.04
18-Apr-24,22212.35,22326.5,21961.7,21995.85,4.57E+08,43314.67
19-Apr-24,21861.5,22179.55,21777.65,22147,3.63E+08,36073.63
22-Apr-24,22336.9,22375.65,22198.15,22336.4,2.79E+08,26841.2
23-Apr-24,22447.05,22447.55,22349.45,22368,2.32E+08,25651.64
24-Apr-24,22421.55,22476.45,22384,22402.4,2.36E+08,21925.6
25-Apr-24,22316.9,22625.95,22305.25,22570.35,4.75E+08,53803.8
26-Apr-24,22620.4,22620.4,22385.55,22419.95,3.30E+08,36984.89
29-Apr-24,22475.55,22655.8,22441.9,22643.4,2.92E+08,32431.45
30-Apr-24,22679.65,22783.35,22568.4,22604.85,3.62E+08,38741.7
########,22567.85,22710.5,22567.85,22648.2,4.46E+08,43133.31
########,22766.35,22794.7,22348.05,22475.85,4.38E+08,44432.55
########,22561.6,22588.8,22409.45,22442.7,3.20E+08,33417.53
########,22489.75,22499.05,22232.05,22302.5,2.98E+08,31512.26
########,22231.2,22368.65,22185.2,22302.5,2.77E+08,29717.33
########,22224.8,22307.75,21932.4,21957.5,3.31E+08,37870.88
########,21990.95,22131.3,21950.3,22055.2,2.66E+08,28717.71
########,22027.95,22131.65,21821.05,22104.05,2.78E+08,29036.08
########,22112.9,22270.05,22081.25,22217.85,2.30E+08,23741.66
########,22255.6,22297.55,22151.75,22200.55,2.32E+08,23815.79
########,22319.2,22432.25,22054.55,22403.85,3.69E+08,38836.11
########,22415.25,22502.15,22345.65,22466.1,2.43E+08,27388.67
########,22512.85,22520.25,22470.05,22502,19064566,1572.77
########,22404.55,22591.1,22404.55,22529.05,3.48E+08,30782.35
########,22576.6,22629.5,22483.15,22597.8,2.90E+08,28556.14
########,22614.1,22993.6,22577.45,22967.65,3.70E+08,39157.65
########,22930.75,23026.4,22908,22957.1,2.62E+08,27966.99
########,23038.95,23110.8,22871.2,22932.45,2.60E+08,27204.54
########,22977.15,22998.55,22858.5,22888.15,2.18E+08,23054.65
########,22762.75,22825.5,22685.45,22704.7,2.70E+08,27549.09
